Siruta,Localitate,Judet,Mediu,Votanti_LP,Votanti_LS,LP,LS,LSC,UM,LT,Barbati_18-24,Barbati_25-34,Barbati_35-44,Barbati_45-64,Barbati_65_,Femei_18-24,Femei_25-34,Femei_35-44,Femei_45-64,Femei_65_
1071,Ciugud,ab,R,2656,0,1183,156,0,89,1428,47,109,137,246,166,57,102,125,254,185
2381,Arieseni,ab,R,1366,0,809,60,0,38,907,46,71,88,179,92,50,62,72,156,91
3805,Cergau,ab,R,1276,0,545,55,0,47,647,37,59,49,128,74,38,42,38,97,85
3841,Ceru-Bacainti,ab,R,213,0,101,65,0,0,166,11,12,22,34,22,4,9,16,18,18
4008,Ciuruleasa,ab,R,945,0,507,49,0,29,585,28,46,48,126,64,20,39,49,96,69
4302,Farau,ab,R,1250,0,549,108,0,22,679,42,48,67,129,92,31,28,50,95,97
4767,Horea,ab,R,1629,0,830,75,0,29,934,56,70,93,207,83,36,60,81,147,101
5167,Livezile,ab,R,1059,0,424,108,0,68,600,18,35,47,115,101,14,24,34,98,114
6119,Ocolis,ab,R,473,0,230,79,0,13,322,14,15,25,74,48,10,16,17,54,49
6164,Ohaba,ab,R,529,0,200,79,0,29,308,15,21,16,56,49,11,15,10,44,71
6627,Ramet,ab,R,458,0,163,92,0,4,259,8,16,15,54,28,11,17,20,65,25
7044,Salistea,ab,R,1898,0,830,108,0,38,976,50,83,98,182,108,39,79,68,160,109
7197,Scarisoara,ab,R,1250,0,555,77,0,44,676,31,54,58,138,74,38,32,55,112,84
8229,Vadu Motilor,ab,R,1099,0,510,59,0,2,571,41,37,63,126,47,23,39,55,96,44
9832,Archis,ar,R,1208,0,547,62,0,10,619,33,30,63,125,86,24,43,58,94,63
10239,Brazii,ar,R,983,0,422,91,0,0,513,36,50,39,102,55,33,24,37,89,48
10701,Dieci,ar,R,1239,0,522,64,0,86,672,28,49,52,114,96,26,36,51,115,105
11236,Hasmas,ar,R,991,0,439,92,0,14,545,28,44,46,102,61,19,38,45,84,78
11478,Moneasa,ar,R,772,0,324,77,0,24,425,18,25,33,111,44,17,13,31,86,47
16329,Dambovicioara,ag,R,749,0,387,80,0,1,468,19,23,39,103,51,14,20,42,83,74
16454,Domnesti,ag,R,2588,0,1129,109,0,77,1315,42,67,116,285,171,44,70,103,248,169
16659,Hartiesti,ag,R,1732,0,1018,88,0,23,1129,77,87,117,200,84,65,92,106,189,112
17771,Nucsoara,ag,R,1125,0,601,100,0,25,726,33,46,64,130,81,30,43,63,124,112
18475,Rociu,ag,R,2036,0,873,246,0,105,1224,45,57,96,232,206,24,47,73,210,234
18581,Sapata,ag,R,1370,0,591,188,0,0,779,36,51,68,154,126,24,44,53,124,99
20048,Raca,ag,R,816,0,411,69,0,0,480,15,15,35,126,53,14,19,44,78,81
22488,Filipeni,bc,R,1710,0,761,241,0,73,1075,68,54,73,216,160,48,32,73,161,190
26920,Oras Nucet,bh,U,1735,0,817,103,0,49,969,40,48,83,211,105,43,52,88,193,106
27007,Oras Vascau,bh,U,1952,0,767,166,0,68,1001,46,50,64,190,148,30,41,78,200,154
27631,Bors,bh,R,3640,0,1576,143,0,103,1822,62,113,208,389,151,56,106,202,332,203
27935,Bulz,bh,R,1697,0,706,165,0,7,878,50,82,84,187,76,46,70,79,143,61
27971,Buntesti,bh,R,3651,0,1865,359,0,34,2258,122,204,216,445,216,115,152,200,403,185
28139,Capalna,bh,R,1190,0,415,167,0,32,614,24,28,42,119,99,16,21,33,111,121
28763,Cociuba Mare,bh,R,2285,0,984,202,0,116,1302,61,74,117,239,163,54,69,93,203,229
28816,Copacel,bh,R,1668,0,613,258,0,4,875,38,71,83,180,116,42,49,60,138,98
28889,Cristioru De Jos,bh,R,1062,0,467,79,0,3,549,26,24,51,105,92,14,24,37,104,72
29243,Draganesti,bh,R,2421,0,1136,119,0,6,1261,67,81,111,251,130,65,62,131,234,129
29760,Lazuri De Beius,bh,R,1338,0,638,87,0,16,741,35,53,68,149,90,31,45,55,140,75
29813,Lazareni,bh,R,2360,0,976,252,0,2,1230,87,127,111,260,106,65,94,96,196,88
29902,Lugasu De Jos,bh,R,2730,0,1199,140,0,89,1428,70,114,148,259,111,85,117,138,238,148
29948,Lunca,bh,R,2284,0,1128,178,0,48,1354,50,78,124,259,187,45,74,96,238,203
30416,Pocola,bh,R,1190,0,569,107,0,30,706,32,51,61,154,74,35,38,57,124,80
30470,Pomezeu,bh,R,2154,0,893,170,0,44,1107,64,86,73,196,170,51,53,67,187,160
30719,Remetea,bh,R,2345,0,1120,169,0,23,1312,76,94,118,241,144,58,97,114,226,144
30773,Rieni,bh,R,2399,0,1036,501,0,58,1595,109,143,155,299,148,89,100,127,276,149
30844,Rosia,bh,R,1929,0,1041,64,0,1,1106,65,99,111,211,125,65,82,96,170,82
30988,Salacea,bh,R,2468,0,1223,62,0,99,1384,63,116,143,229,81,66,102,141,262,181
31057,Sambata,bh,R,1088,0,439,194,0,30,663,33,33,51,125,85,41,31,55,98,111
31128,Sarbi,bh,R,1941,0,814,261,0,32,1107,50,74,72,256,130,55,68,69,172,161
31208,Spinus,bh,R,942,0,387,132,0,5,524,30,34,43,94,56,20,38,43,100,66
31609,Tarcaia,bh,R,1622,0,775,89,0,61,925,35,43,97,172,96,48,47,102,170,115
32045,Viisoara,bh,R,1059,0,584,37,0,47,668,45,37,60,134,56,40,36,58,111,91
32090,Varciorog,bh,R,1612,0,710,105,0,0,815,56,61,85,155,78,38,51,78,132,81
32179,Sannicolau Roman,bh,R,1773,0,737,148,0,37,922,49,79,91,177,91,44,73,66,155,97
34477,Sanmihaiu De Campie,bn,R,1090,0,443,130,0,27,600,31,47,49,124,71,33,33,33,90,89
36649,Cordareni,bt,R,1403,0,638,85,0,46,769,37,37,55,144,110,40,35,63,107,141
42449,Sinca Noua,bv,R,1288,0,712,96,0,38,846,44,68,79,148,99,40,60,75,141,92
43019,Ciresu,br,R,2332,0,1126,153,0,105,1384,64,111,134,281,151,53,59,115,195,221
44934,Balta Alba,bz,R,1972,0,854,147,0,9,1010,39,53,84,214,146,30,43,74,158,169
45334,Blajani,bz,R,816,0,408,72,0,51,531,14,21,31,101,83,7,21,30,102,121
45888,Canesti,bz,R,592,0,250,56,0,61,367,11,23,23,69,50,13,11,23,56,88
46108,Chiliile,bz,R,429,0,211,41,0,23,275,9,11,23,50,46,4,7,15,36,74
46251,Cilibia,bz,R,1482,0,606,119,0,44,769,37,70,86,168,62,43,50,63,115,75
46439,Colti,bz,R,828,0,365,62,0,0,427,18,16,26,96,67,20,15,23,75,71
47818,Murgesti,bz,R,731,0,336,63,0,0,399,18,16,28,64,68,13,19,24,60,89
48165,Pardosi,bz,R,313,0,156,79,0,0,235,4,10,26,40,49,3,7,18,33,45
49439,Scutelnici,bz,R,1700,0,739,144,0,35,918,54,59,72,181,111,34,48,61,151,147
50399,Valcelele,bz,R,1132,0,563,142,0,55,760,44,59,53,119,119,17,37,42,94,176
50479,Ziduri,bz,R,3390,0,1611,500,0,20,2131,146,164,172,438,228,98,128,131,342,284
50987,Ocna De Fier,cs,R,590,0,241,67,0,19,327,17,35,26,65,31,18,18,23,47,47
51243,Armenis,cs,R,1966,0,931,85,0,20,1036,43,75,106,215,117,43,71,78,171,117
51626,Brebu,cs,R,955,0,342,187,0,27,556,14,38,46,115,89,20,32,29,108,65
52954,Goruia,cs,R,656,0,239,92,0,7,338,14,17,25,87,46,11,25,14,56,43
53069,Lapusnicel,cs,R,782,0,397,53,0,39,489,15,22,22,91,90,8,18,17,78,128
53103,Lapusnicu Mare,cs,R,1341,0,616,91,0,77,784,29,50,68,142,93,26,38,54,131,153
53345,Naidas,cs,R,858,0,344,61,0,27,432,16,23,29,99,69,12,24,26,69,65
53489,Coronini,cs,R,1620,0,768,109,0,14,891,49,55,107,162,89,37,66,85,154,87
54270,Teregova,cs,R,3234,0,1455,108,0,112,1675,76,127,144,349,186,74,112,120,271,216
54699,Zorlentu Mare,cs,R,872,0,403,219,0,49,671,24,41,47,123,110,17,34,42,119,114
56014,Belis,cj,R,1099,0,381,182,0,0,563,24,55,59,115,57,26,39,33,91,64
56265,Borsa,cj,R,1107,0,385,169,0,30,584,19,30,43,115,78,19,39,52,94,95
57225,Ciurila,cj,R,1228,0,447,297,0,0,744,29,54,91,152,65,36,60,78,105,74
57314,Catcau,cj,R,1857,0,766,221,0,68,1055,46,101,91,198,115,43,68,81,178,134
57449,Cornesti,cj,R,1115,0,368,215,0,0,583,19,24,52,105,104,33,29,33,83,101
59130,Recea-Cristur,cj,R,985,0,456,249,0,98,803,37,48,57,160,130,23,40,48,114,146
59327,Savadisla,cj,R,3492,0,1326,345,0,80,1751,63,126,165,340,192,67,112,156,300,230
59434,Sancraiu,cj,R,1310,0,769,93,0,71,933,47,41,73,173,128,38,45,73,153,162
59498,Sanmartin,cj,R,1121,0,604,192,0,0,796,26,44,53,152,145,15,27,45,112,177
59942,Vad,cj,R,1594,0,648,237,0,103,988,34,55,81,173,151,34,46,70,146,198
61167,Cerchezu,ct,R,1079,0,470,71,0,13,554,27,31,44,115,64,17,42,49,88,77
63161,Dumbraveni,ct,R,419,0,155,50,0,10,215,9,16,22,43,18,8,13,13,40,33
63326,Gradina,ct,R,871,0,417,35,0,0,452,18,28,50,75,59,17,28,46,71,60
65154,Estelnic,cv,R,891,0,481,39,0,43,563,34,34,58,93,42,32,36,64,93,77
66955,Cornatelu,db,R,1064,0,473,130,0,2,605,32,59,59,108,65,28,31,46,97,80
69964,Bucovat,dj,R,3515,0,1344,436,0,33,1813,72,147,188,406,173,74,128,144,312,169
70094,Isalnita,dj,R,3521,0,1675,192,0,115,1982,91,172,220,383,158,73,154,186,350,195
70566,Almaj,dj,R,1571,0,659,190,0,3,852,43,67,74,189,91,29,49,69,160,81
70673,Amarastii De Sus,dj,R,1299,0,702,111,0,53,866,29,60,72,180,107,26,45,57,136,154
70726,Apele Vii,dj,R,1666,0,737,158,0,58,953,40,56,82,197,128,28,41,63,175,143
70968,Botosesti-Paia,dj,R,550,0,328,91,0,30,449,14,21,27,85,73,14,14,24,70,107
70986,Brabova,dj,R,1024,0,439,208,0,22,669,43,53,37,129,97,24,24,36,119,107
71518,Caraula,dj,R,1919,0,865,110,0,54,1029,44,69,86,196,135,38,56,92,164,149
71572,Castranova,dj,R,2538,0,1072,189,0,95,1356,53,94,129,284,166,45,74,101,202,208
71723,Cernatesti,dj,R,1384,0,585,116,0,0,701,37,51,59,147,104,28,29,50,116,80
71885,Cosoveni,dj,R,2682,0,934,557,0,21,1512,104,143,157,287,134,61,100,131,254,141
71910,Cotofenii Din Dos,dj,R,1892,0,865,156,0,7,1028,33,92,69,215,98,33,68,74,219,127
72150,Dragotesti,dj,R,1702,0,746,170,0,35,951,28,48,67,215,142,29,43,54,154,171
72409,Ghercesti,dj,R,1562,0,776,348,0,16,1140,45,88,122,236,109,33,82,101,197,127
72604,Gogosu,dj,R,451,0,261,182,0,2,445,16,16,23,82,78,18,12,34,64,102
72819,Grecesti,dj,R,1295,0,580,106,0,41,727,38,39,34,156,114,30,32,52,114,118
72882,Izvoare,dj,R,1204,0,465,122,0,22,609,24,35,47,140,76,23,32,32,106,94
72980,Macesu De Jos,dj,R,1053,0,501,94,0,6,601,23,23,39,130,120,18,31,36,85,96
73013,Macesu De Sus,dj,R,984,0,462,63,0,0,525,18,30,33,98,80,18,28,40,73,107
73246,Mischii,dj,R,1443,0,650,269,0,111,1030,41,55,90,204,133,36,59,64,179,169
73371,Murgasi,dj,R,1923,0,879,163,0,71,1113,45,50,86,235,156,30,48,83,168,212
73594,Perisor,dj,R,1359,0,541,176,0,23,740,23,51,66,137,104,25,41,46,148,99
73665,Piscu Vechi,dj,R,2154,0,1002,151,0,64,1217,58,92,89,236,134,54,87,92,200,175
73772,Predesti,dj,R,1676,0,743,280,0,16,1039,59,78,99,221,99,47,79,87,176,94
73905,Rast,dj,R,2850,0,1314,141,0,11,1466,55,83,134,300,201,50,91,106,271,175
74108,Seaca De Camp,dj,R,1481,0,864,202,0,83,1149,54,94,99,208,155,47,66,69,170,187
74135,Seaca De Padure,dj,R,730,0,335,99,0,41,475,18,29,29,89,68,13,24,28,62,115
74171,Secu,dj,R,817,0,463,98,0,45,606,39,47,51,109,60,37,43,43,78,99
74359,Terpezita,dj,R,1234,0,631,198,0,53,882,35,51,75,169,127,28,39,61,142,155
74616,Vela,dj,R,1484,0,760,188,0,64,1012,49,54,92,174,162,34,58,69,152,168
74859,Carcea,dj,R,2483,0,985,294,0,62,1341,60,78,127,314,125,43,77,119,266,132
74867,Carna,dj,R,1068,0,520,170,0,27,717,32,42,50,136,102,31,37,51,116,120
74907,Ghidici,dj,R,1854,0,782,83,0,104,969,25,60,57,194,117,33,51,63,171,198
74915,Ghindeni,dj,R,1540,0,653,164,0,22,839,30,86,73,184,100,28,56,53,130,99
74931,Plesoi,dj,R,1015,0,521,206,0,22,749,24,69,76,153,78,31,60,65,117,76
74949,Rojiste,dj,R,1995,0,1035,298,0,56,1389,78,132,133,265,128,72,96,111,222,152
77377,Tepu,gl,R,1968,0,881,140,0,36,1057,50,62,88,224,142,34,48,75,189,145
77509,Varlezi,gl,R,1520,0,642,101,0,63,806,33,45,79,183,80,24,48,55,141,118
77587,Poiana,gl,R,1414,0,635,71,0,58,764,31,40,58,156,94,35,30,55,138,127
78668,Arcani,gj,R,1116,0,439,171,0,44,654,18,34,63,127,94,20,31,42,116,109
78748,Balanesti,gj,R,1799,0,785,229,0,22,1036,35,59,94,224,136,24,49,70,202,143
79736,Calnic,gj,R,1829,0,847,181,0,41,1069,38,70,77,267,124,31,49,69,207,137
80285,Farcasesti,gj,R,2634,0,1197,308,0,13,1518,72,101,178,405,102,51,91,134,280,104
80365,Glogova,gj,R,1565,0,665,102,0,21,788,47,43,73,172,88,34,46,65,130,90
80677,Lelesti,gj,R,1490,0,627,166,0,1,794,44,51,74,171,83,32,40,63,149,87
80980,Negomir,gj,R,2838,0,1430,176,0,1,1607,106,108,170,384,116,62,96,157,290,118
81576,Runcu,gj,R,4336,0,1960,298,0,108,2366,90,160,210,469,290,77,130,194,456,290
81656,Samarinesti,gj,R,1451,0,719,150,0,5,874,50,59,74,192,103,46,44,71,163,72
81754,Sacelu,gj,R,1207,0,434,185,0,1,620,28,48,59,145,70,22,40,48,101,59
82617,Oras Turceni,gj,U,6683,0,3127,300,0,38,3465,178,242,357,780,244,139,234,338,693,260
83375,Pauleni-Ciuc,hr,R,1596,0,711,61,0,30,802,31,36,96,142,80,32,49,87,149,100
84102,Carta,hr,R,2261,0,1084,36,0,33,1153,47,67,86,223,120,54,65,102,235,154
84237,Danesti,hr,R,1843,0,931,47,0,73,1051,42,63,86,185,124,43,61,92,187,168
85412,Remetea,hr,R,5161,0,2584,57,0,278,2919,92,169,245,443,344,95,215,281,524,511
85626,Siculeni,hr,R,2236,0,1164,88,0,113,1365,48,72,163,207,171,42,87,138,226,211
85840,Sansimion,hr,R,2790,0,1419,56,0,66,1541,84,99,161,263,133,72,95,151,289,194
86438,Madaras,hr,R,1822,0,939,27,0,103,1069,43,62,113,165,134,44,46,116,167,179
86495,Racu,hr,R,1295,0,701,30,0,37,768,26,45,72,125,95,31,61,77,142,94
86519,Santimbru,hr,R,1724,0,876,29,0,71,976,41,68,111,145,102,41,61,102,161,144
86749,Carjiti,hd,R,585,0,212,129,0,1,342,12,20,28,80,43,12,20,28,55,44
87246,Banita,hd,R,988,0,479,40,0,3,522,31,33,44,134,50,28,30,42,95,35
87843,Balsa,hd,R,681,0,248,163,0,28,439,14,30,41,85,71,10,26,19,71,72
87996,Baru,hd,R,2272,0,1037,160,0,65,1262,45,62,89,291,138,46,79,92,252,168
88047,Bacia,hd,R,1564,0,662,124,0,0,786,34,43,67,191,95,20,46,48,155,87
88216,Batrana,hd,R,97,0,52,12,0,3,67,1,6,9,11,14,0,3,1,8,14
88350,Blajeni,hd,R,863,0,347,81,0,10,438,18,29,28,105,51,20,30,29,97,31
88449,Bosorod,hd,R,1607,0,697,113,0,0,810,37,63,75,196,67,35,54,63,158,62
88644,Bretea Romana,hd,R,2398,0,1087,235,0,6,1328,50,82,127,289,161,46,70,108,245,150
88788,Buces,hd,R,1508,0,669,87,0,1,757,27,48,56,188,99,11,35,60,160,73
88868,Bucuresci,hd,R,1300,0,729,108,0,13,850,38,48,79,174,109,24,46,62,181,89
88920,Bulzestii De Sus,hd,R,223,0,114,71,0,0,185,9,22,15,40,21,4,12,9,33,20
89026,Bunila,hd,R,304,0,153,84,0,0,237,10,17,23,44,32,10,11,17,41,32
89151,Cerbal,hd,R,391,0,256,217,0,0,473,28,37,47,106,55,19,21,29,76,55
89348,Densus,hd,R,1234,0,559,88,0,21,668,31,26,47,163,83,30,38,58,112,80
89954,Lapugiu De Jos,hd,R,1067,0,350,201,0,1,552,34,59,60,98,72,18,43,36,73,59
90066,Lelese,hd,R,312,0,115,44,0,3,162,7,10,13,32,27,4,9,6,31,23
90262,Martinesti,hd,R,817,0,330,153,0,0,483,16,34,43,93,66,19,34,28,90,60
90431,Pestisu Mic,hd,R,984,0,458,171,0,5,634,17,37,56,127,76,21,40,39,137,84
90805,Ribita,hd,R,1114,0,521,110,0,45,676,18,42,55,152,87,16,33,53,124,96
91054,Sarmizegetusa,hd,R,958,0,579,60,0,57,696,29,43,49,145,82,25,41,54,112,116
91116,Salasu De Sus,hd,R,1951,0,915,175,0,1,1091,33,56,93,242,141,33,62,83,207,141
91330,Soimus,hd,R,2982,0,1266,253,0,12,1531,53,107,142,337,188,54,86,120,293,151
91447,Tomesti,hd,R,842,0,397,56,0,0,453,17,37,31,101,61,13,25,28,84,56
91535,Toplita,hd,R,639,0,272,118,0,0,390,15,20,28,104,48,16,15,22,72,50
91624,Totesti,hd,R,1528,0,739,83,0,55,877,41,59,80,161,100,27,53,61,180,115
91937,Valisoara,hd,R,1004,0,434,84,0,2,520,16,36,50,122,57,14,21,41,102,61
92097,Vorta,hd,R,624,0,296,70,0,11,377,11,21,27,81,51,10,19,22,86,49
92783,Albesti,il,R,944,0,409,73,0,42,524,26,42,37,119,41,25,29,47,91,67
94125,Alexandru Odobescu,cl,R,2175,0,1024,167,0,89,1280,57,95,103,278,154,46,76,108,196,167
94606,Ulmu,cl,R,1065,0,465,162,0,84,711,45,42,35,131,108,23,30,42,97,158
94731,Valcelele,cl,R,1376,0,490,214,0,93,797,37,53,73,149,104,29,51,63,109,129
96334,Coarnele Caprei,is,R,2197,0,1015,110,0,84,1209,66,53,130,232,118,59,75,134,177,165
101378,Bucsani,gr,R,2741,0,1285,148,0,0,1433,93,144,149,290,94,67,103,126,255,112
101519,Bulbucata,gr,R,1085,0,619,130,0,6,755,38,80,80,137,65,38,58,74,114,71
101984,Clejani,gr,R,2452,0,1328,67,0,92,1487,79,138,144,256,107,78,125,139,249,172
102071,Colibasi,gr,R,2668,0,1662,55,0,66,1783,78,138,165,339,200,57,116,123,297,270
102106,Comana,gr,R,5318,0,2110,346,0,265,2721,104,224,258,503,319,106,162,210,440,395
102446,Daia,gr,R,2104,0,858,292,0,39,1189,72,101,115,245,137,51,78,74,183,133
102605,Dragomiresti-Vale,if,R,4507,0,1925,316,0,22,2263,82,182,275,438,171,94,166,245,418,192
102641,Dragoesti,il,R,738,0,308,55,0,11,374,27,33,42,62,43,11,21,36,57,42
102838,Frasinet,cl,R,1294,0,552,253,0,23,828,48,71,82,157,69,42,56,78,132,93
103238,Ghimpati,gr,R,4245,0,2300,134,0,357,2791,133,231,240,481,304,110,185,198,424,485
103309,Gogosari,gr,R,1341,0,618,368,0,20,1006,45,81,114,219,115,34,52,82,160,104
103372,Gostinari,gr,R,1847,0,745,78,0,117,940,46,62,92,198,113,33,50,73,147,126
103568,Gurbanesti,cl,R,874,0,369,254,0,18,641,56,60,51,129,64,35,33,44,101,68
103693,Iepuresti,gr,R,1533,0,798,228,0,25,1051,58,82,91,251,103,41,50,84,178,113
104047,Letca Noua,gr,R,2566,0,1246,232,0,72,1550,108,157,140,265,159,87,121,115,208,190
104341,Nicolae Balcescu,cl,R,1223,0,507,182,0,9,698,57,57,67,134,62,36,48,76,105,56
104421,Nuci,if,R,2202,0,928,71,0,142,1141,51,97,105,235,121,33,65,83,164,187
104519,Oinacu,gr,R,2757,0,1285,344,0,121,1750,71,128,140,339,291,46,88,109,273,265
104582,Petrachioaia,if,R,2792,0,1328,111,0,0,1439,71,130,173,281,90,77,140,138,245,94
104715,Putineiu,gr,R,1823,0,980,232,0,2,1214,57,81,104,238,150,40,64,94,239,147
104975,Schitu,gr,R,1268,0,561,93,0,43,697,29,54,58,127,83,31,46,51,112,106
105106,Singureni,gr,R,2288,0,901,302,0,47,1250,86,108,137,240,108,52,89,104,188,138
105295,Stanesti,gr,R,2111,0,570,613,0,21,1204,66,129,129,238,140,59,77,81,186,99
105348,Stoenesti,gr,R,1564,0,818,135,0,76,1029,49,81,76,196,125,37,57,65,152,191
105419,Stefanestii De Jos,if,R,7301,0,3739,481,0,35,4255,255,464,579,650,207,192,482,574,609,243
107047,Arinis,mm,R,854,0,358,73,0,0,431,20,30,45,80,47,12,28,35,84,50
107083,Asuaju De Sus,mm,R,1002,0,419,91,0,19,529,28,32,51,105,64,13,25,37,97,77
108151,Giulesti,mm,R,2639,0,1079,201,0,56,1336,66,125,125,276,142,65,80,118,205,134
109265,Oras Ulmeni,mm,U,5708,0,2734,241,0,128,3103,192,241,287,541,266,175,244,263,557,337
109826,Simian,mh,R,8570,0,2821,3809,0,68,6698,463,618,708,1444,342,314,509,663,1256,381
110027,Obarsia-Closani,mh,R,851,0,399,57,0,7,463,27,34,43,96,41,28,30,43,84,37
110296,Bala,mh,R,3052,0,1210,512,0,0,1722,89,127,160,423,200,65,79,125,289,165
110456,Balta,mh,R,839,0,458,335,0,8,801,26,52,53,146,101,26,42,58,156,141
110571,Bacles,mh,R,1438,0,727,296,0,213,1236,41,42,95,246,197,39,51,81,187,257
110688,Balvanesti,mh,R,722,0,335,190,0,0,525,22,31,57,114,61,15,35,45,86,59
110875,Brosteni,mh,R,2286,0,863,376,0,21,1260,73,83,119,304,130,58,78,100,220,95
110946,Burila Mare,mh,R,1686,0,536,510,0,23,1069,43,54,101,234,130,38,47,100,203,119
111006,Butoiesti,mh,R,2575,0,1113,344,0,47,1504,76,116,117,342,142,62,95,112,283,159
111097,Cazanesti,mh,R,1716,0,791,428,0,0,1219,54,94,90,278,147,47,70,104,213,122
111220,Ciresu,mh,R,382,0,212,341,0,9,562,25,42,65,128,47,16,30,51,98,60
111550,Darvari,mh,R,2041,0,796,232,0,87,1115,52,88,113,225,130,47,59,90,153,158
111587,Dumbrava,mh,R,1079,0,467,172,0,67,706,20,49,58,126,111,29,38,41,117,117
111685,Floresti,mh,R,2176,0,897,171,0,60,1128,49,74,94,284,112,32,60,85,229,109
111783,Garla Mare,mh,R,2620,0,618,689,0,103,1410,91,110,127,298,150,57,71,106,205,195
111818,Godeanu,mh,R,453,0,186,240,0,0,426,18,31,33,107,46,18,21,29,77,46
111916,Greci,mh,R,966,0,405,402,0,66,873,36,49,64,169,99,33,60,86,145,132
112129,Husnicioara,mh,R,984,0,411,409,0,3,823,35,66,73,194,83,19,59,68,147,79
112263,Ilovat,mh,R,973,0,451,264,0,45,760,26,34,73,152,98,23,39,51,145,119
112370,Isverna,mh,R,1747,0,781,398,0,5,1184,63,94,129,229,108,63,86,100,212,100
112469,Izvoru Barzii,mh,R,2289,0,747,449,0,0,1196,59,94,115,251,105,48,99,105,232,88
112600,Livezile,mh,R,1146,0,538,610,0,49,1197,57,84,114,232,132,45,76,99,207,151
112664,Malovat,mh,R,2138,0,821,491,0,0,1312,48,100,122,283,146,52,83,108,246,124
112771,Oprisor,mh,R,1704,0,742,421,0,63,1226,42,62,105,238,191,40,54,65,223,206
112806,Padina,mh,R,964,0,452,517,0,44,1013,48,63,95,228,127,25,59,75,156,137
112904,Dubova,mh,R,812,0,307,96,0,15,418,17,35,40,87,49,16,19,34,73,48
112959,Podeni,mh,R,667,0,296,312,0,7,615,28,59,70,129,65,32,38,38,94,62
112995,Ponoarele,mh,R,1975,0,877,323,0,6,1206,57,87,127,259,107,54,86,112,226,91
113153,Poroina Mare,mh,R,762,0,415,374,0,75,864,42,62,69,162,106,37,51,53,128,154
113233,Prunisor,mh,R,1527,0,591,726,0,1,1318,67,103,142,265,143,51,78,96,223,150
113466,Rogova,mh,R,1179,0,404,318,0,106,828,35,57,57,172,100,44,45,61,143,114
113493,Salcia,mh,R,2313,0,856,413,0,106,1375,69,91,114,285,178,48,74,94,213,209
113518,Stangaceaua,mh,R,1054,0,489,286,0,23,798,53,65,69,152,77,40,43,75,128,96
113607,Svinita,mh,R,783,0,308,84,0,5,397,18,32,22,103,52,12,20,25,70,43
113698,Sovarna,mh,R,921,0,364,179,0,0,543,22,34,40,139,58,17,29,44,103,57
113732,Tamna,mh,R,2419,0,795,470,0,31,1296,60,109,95,289,144,64,73,93,228,141
113849,Vanatori,mh,R,1607,0,639,665,0,53,1357,100,104,112,246,142,70,67,106,222,188
113929,Vladaia,mh,R,1277,0,510,394,0,0,904,48,65,71,202,117,38,40,52,156,115
114060,Branistea,mh,R,1466,0,654,128,0,117,899,34,39,69,193,140,28,45,60,143,148
116723,Faragau,ms,R,1252,0,579,81,0,1,661,27,54,59,115,69,33,61,70,108,65
120511,Bereni,ms,R,1005,0,392,58,0,66,516,27,34,44,100,54,24,31,40,65,97
125105,Ruginoasa,nt,R,1539,0,605,136,0,106,847,37,39,64,171,131,26,31,50,139,159
125374,Slatioara,ot,R,2209,0,883,257,0,33,1173,55,72,93,275,129,45,55,95,222,132
125659,Babiciu,ot,R,1707,0,726,169,0,106,1001,30,65,73,198,141,26,52,55,198,163
125677,Baldovinesti,ot,R,860,0,334,131,0,32,497,19,32,33,124,56,13,35,38,83,64
125757,Barasti,ot,R,1078,0,602,261,0,19,882,29,47,60,189,144,17,28,44,165,159
126077,Bucinisu,ot,R,1582,0,684,101,0,23,808,32,50,82,192,92,22,35,51,152,100
126228,Colonesti,ot,R,1283,0,735,300,0,48,1083,39,53,92,211,158,22,58,51,193,206
126380,Coteana,ot,R,1812,0,973,301,0,34,1308,51,104,113,253,181,34,89,84,220,179
126503,Cungrea,ot,R,1554,0,812,247,0,4,1063,58,63,63,250,137,38,49,84,174,147
126825,Dobrun,ot,R,1184,0,528,55,0,14,597,31,35,68,127,67,11,35,45,114,64
126905,Fagetelu,ot,R,660,0,328,158,0,8,494,7,24,26,108,84,13,15,28,85,104
127563,Milcov,ot,R,1273,0,466,196,0,0,662,33,55,54,181,51,17,46,51,123,51
127714,Nicolae Titulescu,ot,R,946,0,414,61,0,75,550,14,31,45,100,87,11,31,37,73,121
127812,Oboga,ot,R,1379,0,749,157,0,49,955,48,68,78,183,96,46,67,69,171,129
127858,Oporelu,ot,R,849,0,326,165,0,46,537,15,36,54,118,70,15,14,34,100,81
127901,Optasi-Magura,ot,R,963,0,505,75,0,41,621,16,36,47,139,75,16,28,25,108,131
128105,Oras Piatra-Olt,ot,U,5163,0,2449,625,0,55,3129,155,250,296,658,311,113,190,253,579,324
128221,Plesoiu,ot,R,2422,0,953,263,0,0,1216,48,93,115,261,172,37,58,95,216,121
128301,Poboru,ot,R,1553,0,724,119,0,0,843,28,59,61,200,99,23,44,72,163,94
128436,Priseaca,ot,R,1341,0,534,146,0,0,680,30,45,62,167,86,12,30,42,138,68
128882,Samburesti,ot,R,851,0,447,83,0,46,576,26,30,42,106,90,18,19,38,102,105
129282,Stefan Cel Mare,ot,R,1389,0,795,131,0,86,1012,41,41,68,193,146,22,33,60,177,231
129317,Tatulesti,ot,R,713,0,333,176,0,48,557,16,31,24,116,84,8,18,29,116,115
129503,Topana,ot,R,554,0,254,97,0,37,388,10,19,20,86,68,8,9,18,60,90
129898,Visina,ot,R,2369,0,1018,55,0,123,1196,43,59,98,273,183,41,41,64,194,200
129987,Valcele,ot,R,1915,0,865,169,0,63,1097,38,62,71,267,147,29,39,63,195,186
130062,Voineasa,ot,R,1708,0,941,155,0,18,1114,60,88,92,227,123,43,83,83,187,128
130302,Gavanesti,ot,R,1590,0,732,107,0,29,868,42,57,68,160,96,27,53,63,166,136
130311,Ghimpeteni,ot,R,1184,0,498,33,0,67,598,25,38,41,125,80,32,31,42,89,95
130339,Gura Padinii,ot,R,1419,0,715,29,0,62,806,22,59,57,171,131,25,39,42,144,116
130384,Soparlita,ot,R,989,0,521,81,0,85,687,38,39,47,167,82,26,33,48,121,86
134390,Plopu,ph,R,1966,0,859,174,0,0,1033,64,65,106,219,83,50,66,98,192,90
138869,Socond,sm,R,1983,0,907,81,0,25,1013,59,116,124,155,71,50,109,112,133,84
140084,Babeni,sj,R,1322,0,519,148,0,35,702,26,34,45,147,104,21,25,40,120,140
140440,Camar,sj,R,1321,0,669,9,0,50,728,35,50,56,126,61,45,47,72,127,109
140477,Carastelec,sj,R,833,0,424,35,0,8,467,33,32,37,69,56,19,28,36,68,89
140583,Coseiu,sj,R,971,0,450,104,0,20,574,31,36,47,103,75,23,37,45,83,94
141081,Fildu De Jos,sj,R,1026,0,459,63,0,11,533,22,46,46,113,45,20,41,41,96,63
141134,Galgau,sj,R,1861,0,778,169,0,33,980,44,65,95,187,133,37,55,82,144,138
141376,Hereclean,sj,R,3230,0,1368,213,0,114,1695,66,105,152,327,191,57,98,145,299,255
141884,Lozna,sj,R,750,0,304,111,0,1,416,15,27,25,75,58,18,17,31,73,77
142774,Surduc,sj,R,3023,0,1243,306,0,42,1591,80,113,122,304,196,85,86,110,285,210
142854,Samsud,sj,R,1376,0,635,31,0,54,720,22,44,77,126,62,30,57,66,119,117
142952,Valcau De Jos,sj,R,2442,0,1140,61,0,60,1261,85,101,108,243,120,57,82,105,213,147
143147,Zimbor,sj,R,809,0,316,212,0,8,536,30,99,45,96,30,24,63,27,58,64
151503,Capu Campului,sv,R,1904,0,997,101,0,81,1179,67,90,106,206,119,53,91,100,189,158
151709,Ciuperceni,tr,R,1270,0,584,102,0,52,738,16,15,41,146,150,12,18,35,133,172
151932,Crevenicu,tr,R,1107,0,452,96,0,55,603,32,43,45,136,73,25,31,41,98,79
151996,Balaci,tr,R,1286,0,591,96,0,91,778,20,45,47,173,118,12,30,31,127,175
152127,Bogdana,tr,R,1728,0,757,160,0,86,1003,18,46,56,204,197,19,45,47,131,240
152350,Calinesti,tr,R,2436,0,1103,290,0,269,1662,86,99,130,292,247,54,69,95,232,358
152412,Calmatuiu,tr,R,1445,0,584,179,0,0,763,32,57,50,149,111,27,31,49,123,134
152582,Cosmesti,tr,R,1991,0,1006,72,0,84,1162,67,80,110,245,108,53,69,110,189,131
152662,Crangu,tr,R,1117,0,477,527,0,109,1113,88,110,99,184,115,49,71,61,165,171
152724,Didesti,tr,R,927,0,416,50,0,17,483,15,25,35,123,57,21,23,31,77,76
152868,Draganesti De Vede,tr,R,1686,0,637,193,0,37,867,49,59,83,171,89,42,65,67,138,104
152902,Draganesti-Vlasca,tr,R,3219,0,1178,554,0,138,1870,129,185,187,345,195,76,107,132,263,251
153026,Galateni,tr,R,2003,0,882,124,0,66,1072,40,70,98,209,148,42,51,66,180,168
153384,Mosteni,tr,R,1141,0,485,96,0,129,710,34,34,64,125,99,23,37,50,99,145
153623,Plopii-Slavitesti,tr,R,1929,0,819,102,0,91,1012,22,48,62,202,156,33,52,54,176,207
153829,Putineiu,tr,R,1571,0,703,102,0,1,806,21,43,59,176,117,12,34,55,130,159
153909,Rasmiresti,tr,R,619,0,275,93,0,16,384,17,21,32,77,58,8,24,26,53,68
154013,Scrioastea,tr,R,3084,0,1484,381,0,43,1908,108,125,173,400,208,83,115,135,353,208
154166,Sfintesti,tr,R,880,0,376,71,0,23,470,16,22,38,108,61,16,16,33,71,89
154308,Sarbeni,tr,R,1072,0,589,115,0,14,718,28,34,56,138,113,25,37,42,112,133
154415,Stejaru,tr,R,1396,0,589,111,0,97,797,25,44,57,147,127,28,33,56,114,166
154460,Suhaia,tr,R,1768,0,811,411,0,40,1262,56,98,124,231,185,47,58,95,209,159
154521,Talpa,tr,R,1379,0,701,111,0,232,1044,58,71,68,210,142,29,48,56,150,212
154709,Toporu,gr,R,1443,0,536,107,0,160,803,23,38,54,159,142,13,24,51,117,182
154852,Vedea,tr,R,2258,0,1060,189,0,0,1249,53,84,98,260,143,54,73,92,213,179
154914,Viisoara,tr,R,1310,0,648,59,0,69,776,29,41,44,175,133,15,22,46,132,139
154932,Vartoape,tr,R,2059,0,886,251,0,0,1137,42,71,92,216,182,35,62,51,175,211
155092,Beuca,tr,R,1027,0,443,80,0,108,631,26,21,30,158,95,17,21,30,89,144
155109,Dracea,tr,R,1240,0,440,157,0,77,674,18,52,51,137,97,17,26,45,86,145
155136,Purani,tr,R,1126,0,556,101,0,17,674,50,74,52,150,52,33,34,53,103,73
155154,Uda-Clocociov,tr,R,1206,0,462,77,0,108,647,10,18,21,105,167,6,12,22,100,186
155662,Bara,tm,R,267,0,130,141,0,3,274,21,27,29,42,35,13,20,13,46,28
156151,Brestovat,tm,R,601,0,257,130,0,5,392,13,38,42,76,32,18,30,28,61,54
156534,Criciova,tm,R,1333,0,694,191,0,31,916,38,81,94,156,110,43,59,75,153,107
157193,Ghizela,tm,R,974,0,397,121,0,38,556,33,37,43,123,63,23,27,49,88,70
157969,Ohaba Lunga,tm,R,806,0,406,119,0,33,558,17,47,56,97,64,28,38,35,108,68
158136,Pietroasa,tm,R,842,0,468,77,0,0,545,48,57,46,99,55,33,40,34,88,45
158608,Secas,tm,R,300,0,91,81,0,0,172,11,14,17,44,17,4,12,16,28,9
159516,Bucovat,tm,R,1774,0,698,240,0,0,938,32,114,114,171,63,39,94,107,144,60
161348,Stejaru,tl,R,1245,0,521,145,0,33,699,45,57,72,144,85,23,43,47,116,67
170444,Gusoeni,vl,R,1152,0,472,87,0,42,601,19,27,45,131,100,13,25,42,99,100
170685,Ladesti,vl,R,1368,0,572,205,0,33,810,33,43,39,182,135,25,36,48,134,135
171101,Maciuca,vl,R,1376,0,605,198,0,1,804,36,46,53,166,107,29,40,70,139,118
171209,Madulari,vl,R,1097,0,423,85,0,44,552,25,29,30,103,93,14,19,33,85,121
171469,Milcoiu,vl,R,1038,0,392,125,0,26,543,25,28,42,123,79,20,23,32,103,68
173132,Stanesti,vl,R,875,0,369,76,0,0,445,15,17,37,97,66,11,20,27,78,77
173597,Sutesti,vl,R,1691,0,721,179,0,11,911,32,42,71,212,111,31,45,64,196,107
174218,Voicesti,vl,R,1230,0,548,46,0,23,617,24,39,51,143,56,20,31,54,110,89
174511,Lacusteni,vl,R,1094,0,495,57,0,10,562,25,26,45,119,60,28,31,54,95,79
174520,Mitrofani,vl,R,781,0,361,66,0,18,445,16,28,35,97,67,15,17,33,71,66
175224,Barsesti,vn,R,1155,0,532,36,0,38,606,16,27,39,99,116,18,22,36,101,132
175983,Dumitresti,vn,R,3552,0,1651,174,0,35,1860,94,117,146,390,224,67,94,159,317,252
178965,Spulber,vn,R,1017,0,513,16,0,15,544,22,31,45,107,80,18,41,44,83,73
179604,Poienile Izei,mm,R,724,0,341,23,0,0,364,15,20,31,81,45,12,24,28,69,39
179793,Buesti,il,R,834,0,407,42,0,17,466,19,34,29,102,45,21,29,40,70,77
179837,Coas,mm,R,1179,0,532,94,0,28,654,32,52,66,125,66,34,37,64,118,60
179926,Rascaeti,db,R,1789,0,943,33,0,65,1041,49,88,87,214,97,35,75,76,184,136
180037,Boghis,sj,R,1471,0,690,37,0,35,762,39,65,70,127,76,38,60,63,137,87
