,RM_Adulti,RM_Barbati,RM_femei,RM_cancer,RM_cardio,RM_vatamari,RM5_boli_diareice,RM5_HIV,RM5_vatamari,RM5_malaria,RM5_pojar,RM5_neonatal,RM5_pneumonie,SV,Tuberculoza,Polio
Afghanistan,2.074742310982413,2.0296670161045762,1.9928458703580243,0.7019054860665171,2.402689921218803,1.0399467269853233,1.31488030221551,-0.330365280747141,-1.052039607529311,-0.3850799848921753,2.1996652671495145,-1.2039393979972246,1.7523293958095159,-1.9404924054500865,0.43449409563883495,0.3941923243255174
Albania,-0.6179573140747632,-0.5812663303517492,-0.6401181433243965,0.7339705297973722,1.187776501618544,-0.3377868976474326,0.22588017371282337,-0.36315051380908087,-0.18072885487015392,-0.4603386058726701,-0.594615534853722,0.6719078542965379,-0.08235851430506058,0.32943685374250603,-0.7264929944050605,-0.12048805977231372
Algeria,-0.5870954272546236,-0.4409773744227527,-0.6991201380287645,-0.9013467004762339,-0.41533410530960874,0.07553318974239415,0.3620051897756592,-0.36315051380908087,-0.022308718023034527,-0.447795502375921,-0.20919749319810324,0.3359352120946701,0.3181719449453046,0.32943685374250603,-0.5805765841809644,-0.07369893394523817
Andorra,-1.1040320314919612,-1.0878653378731258,-1.0900083529452025,-0.16385069466656843,-1.7740242609572359,-0.9872898921171603,0.0,9.706378830151352e-17,0.0,-1.114051384187776e-16,0.0,-4.973394173555511e-16,-4.590225939854901e-16,1.3282057277872468,-0.7455255696516818,-0.12048805977231372
Angola,1.9590102354068897,1.928347214600301,1.9264686263156103,1.5355966230687477,0.8211458246977557,2.949091892547856,1.31488030221551,-0.12272547135485509,-0.9728295391057514,0.5305665703705116,1.6697154598730386,-1.46991773974037,1.7523293958095159,-2.2128839165531975,0.707294340840406,-0.07369893394523817
Antigua and Barbuda,-0.5022252384992398,-0.44877120530769693,-0.5221141539156606,0.41332009248882196,-0.2068578380409252,-0.90856225642386,-0.9447949644275646,-0.2538664036026146,-0.7087959776938856,-0.5105110198596666,-0.6427927900606745,-1.2529354083183304,-1.2581092172658102,0.4202340241102097,-0.8470326376336618,-0.12048805977231372
Argentina,-0.7182584462402167,-0.7449367789355786,-0.6696191406765806,0.3491900050271119,-1.1485954591511853,-0.5739698047273336,-1.094532482096684,-0.34129369176778757,0.6905818977890031,-0.5105110198596666,-0.6427927900606745,0.9308867659938113,-1.0126228067575216,0.6926255352133208,-0.5742323924320907,-0.12048805977231372
Armenia,-0.5562335404344841,-0.6592046392011918,-0.3746091671547407,0.477450179950532,0.9074118663261764,-0.8298346207305597,0.22588017371282337,-0.34129369176778757,0.18891813110645805,-0.447795502375921,-0.594615534853722,0.363932932278159,0.07268553443701642,0.32943685374250603,-0.43466017395686823,-0.12048805977231372
Australia,-1.18118674854231,-1.033308521678516,-1.2743895863963524,-0.13178565093571343,-1.66619170892171,-0.90856225642386,-1.2578825013720871,-0.36315051380908087,1.4562792258834139,-0.5105110198596666,-0.6427927900606745,0.8678918955809611,-1.2968702294513295,1.4190028981549505,-0.8470326376336618,-0.12048805977231372
Austria,-1.0345927861466473,-0.970957874598962,-1.0605073555930185,-0.13178565093571343,-1.2061061535701325,-0.8495165296538848,-1.2714950029783705,-0.36315051380908087,0.8754053907773093,-0.5105110198596666,-0.6427927900606745,0.89588961576445,-1.3614719164271947,1.237408557419543,-0.7962791036426717,-0.12048805977231372
Azerbaijan,-0.17045995518273965,-0.26171926406903484,-0.057473445618762796,-0.5806962631676837,1.7341280985985421,-1.0266537099638104,0.7703802379641667,-0.36315051380908087,-0.999232895246938,-0.3850799848921753,-0.594615534853722,0.06295744030565249,0.9254278025184389,-0.033751827728308766,-0.4092834069613733,-0.12048805977231372
Bahamas,-0.286192030758263,-0.3552452346883659,-0.19760318304163674,-0.6127613068985387,-1.0767070911275012,-0.16064971733750685,-1.1625949901281019,0.21605527028519023,2.0899597732718918,-0.5105110198596666,-0.6427927900606745,0.020960860030418905,-0.7671363962492334,0.6018283648456171,-0.6059533511764594,-0.12048805977231372
Bahrain,-0.9574380690962982,-0.7683182715904113,-1.1416350983115244,-0.13178565093571343,-0.42971177891434553,-0.8691984385772099,-1.1762074917343857,-0.34129369176778757,1.3506658013186674,-0.5105110198596666,-0.6427927900606745,0.19594661117722512,-1.271029554660983,0.6018283648456171,-0.5869207759298382,-0.12048805977231372
Bangladesh,0.1921672149539001,0.5488391479651678,-0.13860118833726875,-0.6448263506293938,0.4041932901603886,0.3904437325155955,1.4510053182783458,-0.36315051380908087,-0.6295859092703259,-0.4227092953824227,0.3207523140783726,0.15395003090199152,0.8220651033570547,-0.30614333883141986,0.631164039853921,-0.12048805977231372
Barbados,-0.7722667481754609,-0.7293491171656901,-0.7654973820711786,0.12473469891112675,-0.9113638446730281,-1.0069718010404853,-1.2714950029783705,-0.17736752645808823,-0.8936194706821916,-0.5105110198596666,-0.6427927900606745,1.4418451593424852,-1.4519142781934062,0.7834227055810246,-0.8089674871404192,-0.12048805977231372
Belarus,0.09958155449348144,-0.4877403597324182,0.621049493481469,0.38125504875796695,1.5831625257488058,1.4335849054518248,-1.0673074788841168,-0.013441361148388854,3.436530936472408,-0.5105110198596666,-0.6427927900606745,-0.399004942721916,-0.2890839126278297,0.32943685374250603,-0.42197179045912075,-0.12048805977231372
Belgium,-0.9960154276214728,-0.9319887201742407,-1.0310063582408344,0.5415802674122421,-1.5080372992696052,-0.7117431671906091,-1.2306574981595197,-0.30850845870584775,1.2186490206127345,-0.5105110198596666,-0.6427927900606745,0.4829232430579874,-1.3485515790320215,1.237408557419543,-0.7835907201449243,-0.12048805977231372
Belize,-0.23218372882301877,-0.2928945876088118,-0.19760318304163674,0.509515223681387,-0.3937675949025035,-0.04255826379755635,-0.7950574467584453,-0.2538664036026146,1.2450523767539214,-0.5105110198596666,-0.6427927900606745,0.4059295125533926,-0.5604109979264642,0.23863968337480235,-0.5742323924320907,-0.12048805977231372
Benin,0.817120423061726,0.985293677522046,0.6505504908336529,0.7339705297973722,0.43294863736986217,0.6856723663654718,1.0426302700898382,-0.12272547135485509,-0.7880060461174453,2.901213131256098,1.9106017359078002,-1.273933698455947,1.2742769121881121,-1.2141150425084568,-0.3458414894726358,-0.12048805977231372
Bhutan,0.16902079983879545,0.18252909637278772,0.10478203981824914,-0.6127613068985387,0.4976481685911778,0.6069447306721714,1.5871303343411816,-0.2866516366645545,-0.7087959776938856,-0.4101661918856736,-0.06466572757724623,-0.30101292207970465,0.9771091520991315,-0.39694050919912355,-0.07304124427106473,-0.12048805977231372
Bolivia,0.014711365738097663,0.0967969566384009,-0.050098196280716795,4.004604990344585,-0.8035312926375022,-0.022876354874231265,0.6342552219013308,-0.35222210278843424,0.004094638118151957,-0.4227092953824227,-0.594615534853722,-0.3710072225384271,0.7574634163811893,-0.30614333883141986,0.5930988893606786,-0.12048805977231372
Bosnia and Herzegovina,-0.8648524086358796,-0.846256580439854,-0.8318746261135925,-0.32417591332084356,0.864278845511966,-0.7511069850372594,-1.1898199933406692,-0.36315051380908087,-0.36555234785846,-0.5105110198596666,-0.6427927900606745,0.664908424250666,-1.1289058433140793,0.6018283648456171,-0.4854137079478582,-0.12048805977231372
Botswana,2.630256273744925,2.8324315972538345,2.383734085274462,-0.2279807821282785,-0.24280202205276719,-0.18033162626083193,-1.1217574853092511,5.516334615298803,-0.47116577242320645,-0.5105110198596666,-0.594615534853722,-0.20302090143749324,-1.271029554660983,-1.9404924054500865,2.9214172611973432,-0.12048805977231372
Brazil,-0.286192030758263,-0.4175958817679199,-0.16072693635140675,0.3491900050271119,-0.221235511645662,-0.003194445950906183,0.3620051897756592,-0.330365280747141,-0.49756912856439295,-0.447795502375921,-0.6427927900606745,-0.36400779249255477,0.25357025796943927,0.23863968337480235,-0.5044462831944795,-0.12048805977231372
Brunei Darussalam,-0.9188607105711238,-0.7215552862807458,-1.0900083529452025,-0.5486312194368287,-1.162973132755922,-0.9479260742705102,-1.1217574853092511,-0.36315051380908087,1.0866322399068016,-0.5105110198596666,-0.6427927900606745,1.4348457292966132,-1.3614719164271947,0.6926255352133208,-0.49175789969673195,-0.12048805977231372
Bulgaria,-0.5330871253193794,-0.7059676245108574,-0.35248341914060266,-0.19591573839742346,1.3099867272588066,-0.7707888939605845,-0.9584074660338482,-0.36315051380908087,0.03049799425933868,-0.5105110198596666,-0.6427927900606745,0.28693920177356413,0.6282600424294587,0.6926255352133208,-0.6059533511764594,0.01987931770891294
Burkina Faso,1.4266426877594822,1.476305023273534,1.3954506739762986,0.9904908796442123,0.6270472310338089,1.3351753608351995,1.31488030221551,0.07398592701678412,-0.9464261829645648,2.0357389899804077,0.9952338869757054,-1.7428955115293876,1.5585243348819198,-1.9404924054500865,0.2632009184192438,-0.12048805977231372
Burundi,1.7506924993709476,1.904965721945468,1.6167081541176787,0.477450179950532,0.483270494986441,4.3268255171806125,1.178755286152674,0.5111223678426492,-0.8672161145410051,0.5431096738672606,0.8025248661478961,-1.3929240092357753,1.4939226479060543,-2.03128957581779,1.132355188014947,-0.12048805977231372
Cambodia,0.6010872153207492,0.3929625302662826,0.8349317242848029,0.5415802674122421,0.14539516527512628,-0.18033162626083193,1.0426302700898382,-0.14458229339614836,-0.8936194706821916,-0.39762308838892446,0.4652840796992296,-0.9379610562540791,1.209675225212247,-0.8509263610376421,2.477323838776181,-0.12048805977231372
Cameroon,1.1951785366084355,1.3282222364595933,1.0488139550881368,0.6057103548739521,0.46170398457933576,0.7250361842121219,1.0426302700898382,0.4236950796774761,-0.7616026899762587,2.349316577399136,1.332474673424372,-1.2879325585476915,1.3259582617688044,-1.486506553611568,0.1680380421861376,-0.12048805977231372
Canada,-1.1426093900171357,-0.9865455363688506,-1.2522638383822142,0.22092983010369183,-1.6590028721193415,-0.9282441653471851,-1.2442699997658035,-0.36315051380908087,0.5585651170830703,-0.5105110198596666,-0.6427927900606745,1.0708753669112563,-1.3097905668465024,1.3282057277872468,-0.8470326376336618,-0.12048805977231372
Cape Verde,-0.12416712495253034,-0.19157478610453652,0.10478203981824914,-0.13178565093571343,-0.11340295961013604,-0.8298346207305597,0.3620051897756592,0.04120069395484427,-0.41835906014083324,0.028842430500546083,1.4770064390452293,-1.210938828043097,0.2664905953646125,0.32943685374250603,0.1680380421861376,-0.12048805977231372
Central African Republic,1.58095212186018,1.842615074865914,1.3143229312577926,0.7339705297973722,0.5264035158006514,1.2761296340652242,0.7703802379641667,0.9919724527511007,-0.8144094022586319,1.8099631270389231,2.4887287983912287,-1.1199462374467577,0.9641888147039582,-1.8496952350823828,1.0118155447863457,-0.12048805977231372
Chad,1.5037974048098313,1.5776248247778093,1.3807001753002066,0.7981006172590822,0.5120258421959145,0.980901000215348,1.178755286152674,0.0849143380374307,-0.8672161145410051,2.28660105991539,2.72961507442599,-1.3439279989146695,1.4939226479060543,-1.486506553611568,0.758047874831396,-0.12048805977231372
Chile,-0.972869012506368,-0.9241948892892965,-0.9793796128745125,0.1888647863728368,-1.4864707888625,-0.6133336225739838,-1.2034324949469526,-0.35222210278843424,1.060228883765615,-0.5105110198596666,-0.6427927900606745,0.6719078542965379,-0.6508533596926757,0.8742198759487282,-0.739181377902808,-0.12048805977231372
China,-0.7259739179452517,-0.6358231465463591,-0.8097488780994545,0.5415802674122421,-0.5806773517640819,-0.04255826379755635,0.3620051897756592,-0.35222210278843424,0.8754053907773093,-0.4603386058726701,-0.450083769232865,0.41992837264513727,0.2794109327597855,0.6018283648456171,-0.21895765449516089,-0.12048805977231372
Colombia,-0.425070521448891,-0.6358231465463591,-0.21235368171772873,-0.4524360882442636,-0.9473080286848702,1.1777200894485989,0.08975515764998757,-0.21015275952002813,-0.12792214258778095,-0.48542481286616834,-0.6427927900606745,1.3228548485626572,-0.10819918909540664,0.4202340241102097,-0.5615440089343432,-0.12048805977231372
Comoros,0.09958155449348144,0.06562163309862389,0.12690778783238713,-0.0997206072048584,0.0663179604490739,0.036169371895743985,0.6342552219013308,0.04120069395484427,-0.44476241628201985,1.9228510585096652,2.1996652671495145,-0.4130038028136607,0.6541007172198047,-0.21534616846371615,-0.5298230501899744,-0.12048805977231372
Congo,1.3957808009393426,1.5698309938928652,1.2036941911871026,0.09266965518027173,0.15258400207749467,1.2958115429885493,0.22588017371282337,0.6531917111110553,-0.6559892654115125,2.7130665788048605,2.5369060535981807,-0.8609673257494845,0.3052516075501316,-1.0325207017730496,1.329025132230033,-0.12048805977231372
Cook Islands,-0.6179573140747632,-0.5578848376969165,-0.6696191406765806,-1.9915581873253048,-0.32906806368118796,-0.8495165296538848,-1.1762074917343857,-0.36315051380908087,-1.2896698127999904,-0.5105110198596666,-0.40190651402591265,3.7026610641592215,-1.3097905668465024,0.4202340241102097,-0.7709023366471768,-0.12048805977231372
Costa Rica,-0.9420071256862286,-0.846256580439854,-1.0088806102266965,-0.19591573839742346,-1.342694052815132,-0.5149240779573584,-0.8631199547898631,-0.34129369176778757,-0.3127456355760869,-0.5105110198596666,-0.6427927900606745,1.084874227003001,-0.9351007823864833,0.8742198759487282,-0.7772465283960505,-0.12048805977231372
Cote d'Ivoire,1.3109106121839589,1.3048407438047605,1.2110694405251488,0.9263607921825023,0.46170398457933576,1.925632628534952,0.7703802379641667,0.24884050334713007,-0.7616026899762587,2.0608251969739055,0.5616385901131343,-0.5809901239145946,1.080471851260516,-1.6681008943469753,1.4241880084631393,-0.12048805977231372
Croatia,-0.7491203330603563,-0.8852257348645752,-0.6106171459722126,1.1508160982984874,-0.11340295961013604,-0.6526974404206339,-1.2306574981595197,-0.36315051380908087,0.9018087469184958,-0.5105110198596666,-0.6427927900606745,1.5468366100305688,-1.283949892056156,0.8742198759487282,-0.5742323924320907,-0.12048805977231372
Cuba,-0.8802833520459494,-0.7605244407054671,-0.9572538648603744,-0.06765556347400338,-1.12702894874408,-0.5346059868806834,-1.094532482096684,-0.36315051380908087,0.7433886100713764,-0.5105110198596666,-0.6427927900606745,0.4689243829662427,-0.9221804449913102,0.9650170463164319,-0.7962791036426717,-0.12048805977231372
Cyprus,-1.1348939183121007,-1.0255146907935717,-1.2006370930158923,-1.189932094053929,-0.12778063321487282,-0.9479260742705102,-0.835894951577296,-0.35222210278843424,0.08330470654171189,-0.5105110198596666,-0.6427927900606745,1.2808582682874237,-1.232268542475464,0.9650170463164319,-0.8470326376336618,-0.12048805977231372
Czech Republic,-0.8108441067006354,-0.8696380730946867,-0.7212458860429025,1.4714665356070376,-0.4081452685072403,-0.6133336225739838,-1.2442699997658035,-0.36315051380908087,1.957942992565959,-0.5105110198596666,-0.6427927900606745,0.3989300825075202,-0.9867821319671757,0.9650170463164319,-0.789934911893798,-0.12048805977231372
Democratic People's Republic of Korea,-0.22446825711798388,-0.16819329344970377,-0.2787309257601427,-0.933411744207089,-0.005570407574610072,-0.31810498872410753,1.31488030221551,-0.2866516366645545,-0.5503758408467662,-0.4227092953824227,-0.2573747484050556,-0.09802945074940952,0.5119770058729007,0.14784251300709864,0.24416834317262257,-0.12048805977231372
Democratic Republic of the Congo,1.727546084255843,1.6088001483175864,1.7789636395546904,0.9584258359133573,0.6701802518480193,3.77573206732751,1.178755286152674,0.04120069395484427,-0.9200228268233782,1.6092734710909367,1.6215382046660862,-1.2249376881348415,1.5326836600915736,-1.8496952350823828,1.2655832147412955,-0.12048805977231372
Denmark,-0.9960154276214728,-0.8618442422097424,-1.0900083529452025,1.1508160982984874,-1.364260563222237,-0.8101527118072346,-1.2306574981595197,-0.36315051380908087,0.10970806268289837,-0.5105110198596666,-0.6427927900606745,2.14178816392971,-1.3356312416368485,1.1466113870518393,-0.8280000623870405,-0.12048805977231372
Djibouti,0.7399657060113772,0.6969219347791086,0.7464287322282509,-0.4845011319751187,1.1590211544090703,0.21330655220566974,1.0426302700898382,-0.06808341625162198,-0.8672161145410051,-0.4101661918856736,1.4770064390452293,-1.1339450975385021,1.1838345504219003,-1.3049122128761605,3.631966737071203,-0.12048805977231372
Dominica,-0.5948108989596586,-0.5578848376969165,-0.5958666472961206,0.41332009248882196,-0.8250978030446073,-0.7117431671906091,-1.2714950029783705,-0.36315051380908087,-1.3424765250823636,-0.5105110198596666,-0.6427927900606745,3.9686394059023673,-1.4519142781934062,0.6018283648456171,-0.7772465283960505,-0.12048805977231372
Dominican Republic,-0.3402003326935072,-0.44877120530769693,-0.24185467906991273,-0.0035254760122933326,0.0663179604490739,-0.436196442264058,0.3620051897756592,0.06305751599613749,-0.5767791969879528,-0.43525239887917183,-0.594615534853722,0.2799397717276923,0.2277295831790932,0.23863968337480235,-0.21895765449516089,-0.026909808118162615
Ecuador,-0.3402003326935072,-0.3630390655733101,-0.30823192311232667,-0.06765556347400338,-0.9185526814753966,0.1542608254356945,0.22588017371282337,-0.24293799258196797,-0.12792214258778095,-0.447795502375921,-0.594615534853722,0.4619249529203704,0.09852620922736247,0.4202340241102097,0.07921935770190516,-0.12048805977231372
Egypt,-0.22446825711798388,-0.19936861698948077,-0.24185467906991273,-1.5105825313624794,1.353119748073017,-0.90856225642386,0.498130205838495,-0.36315051380908087,-0.7880060461174453,-0.4603386058726701,-0.594615534853722,0.07695630039739669,0.4344549815018623,0.14784251300709864,-0.6884278439118181,0.11345756936306405
El Salvador,-0.1550290117726699,-0.33965757291847737,0.03840479577583517,-0.933411744207089,-1.069518254325133,0.3904437325155955,0.3620051897756592,-0.17736752645808823,-0.36555234785846,-0.447795502375921,-0.6427927900606745,-0.23101862162098213,0.2794109327597855,0.23863968337480235,-0.47272532445011073,-0.12048805977231372
Equatorial Guinea,1.4729355179896917,1.5932124865476978,1.3290734299338847,0.7660355735282272,0.47608165818407255,1.2367658162185742,0.6342552219013308,0.44555190171876946,-0.6823926215526991,2.4998338193601253,2.9223240952538,-1.0989479473091408,0.7833040911715354,-1.0325207017730496,0.5233127801230674,-0.12048805977231372
Eritrea,0.269321932004249,0.31502422141684006,0.28178802393135305,0.06060461144941671,0.18852818608933666,0.21330655220566974,0.9065052540270024,0.3144109694710099,-0.5503758408467662,1.1953510556982154,0.5616385901131343,-1.1059473773550133,0.9512684773087854,-0.6693320203022347,-0.3458414894726358,-0.12048805977231372
Estonia,-0.08558976642735588,-0.5267095141571395,0.355540517311813,0.6057103548739521,0.4545151477769674,1.2367658162185742,-1.0809199804904004,-0.36315051380908087,3.383724224190034,-0.5105110198596666,-0.6427927900606745,0.7768993049846216,-1.1805871928947718,0.6018283648456171,-0.466381132701237,-0.12048805977231372
Ethiopia,0.9714298571624238,1.0242628319467673,0.9013089683272169,0.509515223681387,0.4545151477769674,0.4494894592855707,1.0426302700898382,0.05212910497549086,-0.8936194706821916,0.25461829344203046,1.3806519286313246,-0.9099633360705902,1.429320960930189,-1.486506553611568,1.1957971055036845,-0.07369893394523817
Fiji,0.08415061108341167,-0.035698168405651425,0.1637840345226171,-1.4464524439007693,0.7061244358598613,-0.8101527118072346,0.22588017371282337,-0.34129369176778757,-0.5767791969879528,-0.5105110198596666,-0.6427927900606745,-0.14002603102464262,-0.26324323783748366,0.14784251300709864,-0.7074604191584393,-0.12048805977231372
Finland,-0.9651535408013332,-0.970957874598962,-0.9351281168462364,-0.5165661757059736,-1.2276726639772377,-0.41651453334073296,-1.1625949901281019,-0.36315051380908087,0.47935504865951056,-0.5105110198596666,-0.6427927900606745,0.8328947453515998,-1.2968702294513295,1.237408557419543,-0.8216558706381667,-0.12048805977231372
France,-0.9960154276214728,-0.9865455363688506,-0.9720043635364665,0.3491900050271119,-1.8243461185738146,-0.6526974404206339,-1.1489824885218183,-0.36315051380908087,0.8490020346361228,-0.5105110198596666,-0.6427927900606745,0.6579089942047937,-1.3743922538223678,1.3282057277872468,-0.7835907201449243,-0.12048805977231372
Gabon,0.477639668040191,0.5176638244253907,0.407167262678135,0.8622307047207922,0.2747942277177574,0.42980755036224566,-0.07359486162541531,0.7406189992762282,-0.6823926215526991,3.039187269720338,1.4770064390452293,-0.5669912638228499,-0.06943817690988756,-0.578534849934531,0.7263269160870273,-0.12048805977231372
Gambia,0.4699241963351561,0.5020761626555021,0.429293010692273,0.41332009248882196,0.29636073812486263,0.5478990039021961,0.3620051897756592,-0.22108117054067472,-0.6559892654115125,3.1771614081845785,0.5616385901131343,-0.4619998131347661,0.55073801805842,-0.6693320203022347,0.5486895471185623,-0.12048805977231372
Georgia,-0.6025263706646934,-0.7683182715904113,-0.38935966583083265,-1.2861272252464941,1.5256518313298586,-1.1053813456571109,0.3620051897756592,-0.36315051380908087,-1.0256362513881245,-0.47288170936941926,-0.594615534853722,0.6229118439754324,0.16312789620322785,0.6018283648456171,-0.36487406471925704,-0.07369893394523817
Germany,-1.042308257851682,-0.970957874598962,-1.0752578542691105,0.3171249612962569,-1.1557842959535536,-1.0266537099638104,-1.2442699997658035,-0.35222210278843424,0.4001449802359507,-0.5105110198596666,-0.6427927900606745,0.524919823333221,-1.3614719164271947,1.3282057277872468,-0.815311678889293,-0.12048805977231372
Ghana,0.5316479699754352,0.6267774568146103,0.429293010692273,0.22092983010369183,0.23166120690354705,0.3117160968222952,0.3620051897756592,0.25976891436777677,-0.5503758408467662,3.6287131340675476,0.7543476109409437,-1.0289536468504183,0.4344549815018623,-0.6693320203022347,0.44718247913658243,-0.12048805977231372
Greece,-1.1348939183121007,-1.0878653378731258,-1.1342598489734783,0.028539567718561688,-0.817908966242239,-0.90856225642386,-1.2714950029783705,-0.36315051380908087,0.18891813110645805,-0.5105110198596666,-0.6427927900606745,1.3858497189755075,-1.1159855059189063,1.237408557419543,-0.7518697614005555,-0.12048805977231372
Grenada,0.13044344131362098,0.30723039053189577,-0.027972448266578805,2.176897497685848,0.5479700262077565,-0.5936517136506587,-1.0536949772778332,-0.0790118272722686,0.03049799425933868,-0.5105110198596666,-0.6427927900606745,0.041959150168035454,-0.22448222565196432,0.14784251300709864,-0.8533768293825355,-0.12048805977231372
Guatemala,0.06871966767334188,-0.02011050663576291,0.1637840345226171,-1.2219971377847842,-1.3211275424080269,0.3313980057456202,0.498130205838495,-0.06808341625162198,-0.9464261829645648,-0.4603386058726701,-0.594615534853722,-0.4130038028136607,0.48613633108255466,-0.033751827728308766,-0.3585298729703833,-0.12048805977231372
Guinea,1.040869102507738,1.0476443246016,0.9971872097218147,0.7981006172590822,0.43294863736986217,1.2958115429885493,1.0426302700898382,-0.11179706033420851,-0.9728295391057514,2.562549336843871,2.006956246321705,-1.0079553567128017,1.2484362373977658,-1.123317872140753,0.3710521781500975,-0.12048805977231372
Guinea-Bissau,1.4266426877594822,1.3048407438047605,1.4913289153708966,0.8942957484516473,0.555158863010125,1.1186743626786235,1.31488030221551,-0.0790118272722686,-0.9728295391057514,2.1235407144576515,0.9952338869757054,-1.3369285688687973,1.5714446722770925,-1.486506553611568,0.33933121940572875,-0.12048805977231372
Guyana,0.8634132532919354,0.8294170598231608,0.9086842176652629,-1.4464524439007693,1.1086992967924916,0.3117160968222952,1.5871303343411816,0.4783371347807092,0.2945315556712045,-0.4227092953824227,-0.6427927900606745,-0.6649832844650613,-0.7800567336444064,-0.21534616846371615,-0.24433442149065587,-0.12048805977231372
Haiti,0.5933717436157143,0.525457655310335,0.6505504908336529,-0.6127613068985387,0.21728353329881026,-0.8495165296538848,1.0426302700898382,0.5439076009045891,-1.2368631005176172,-0.4227092953824227,-0.40190651402591265,-1.1759416778137357,1.1579938756315542,-1.2141150425084568,1.3607460909744018,0.20703582101721513
Honduras,-0.08558976642735588,-0.2305439405292578,0.04578004511388117,0.25299487383454683,-0.1709136540290832,-0.2984230798007824,0.3620051897756592,0.32533938049165645,-0.23353556715252713,-0.4603386058726701,-0.6427927900606745,-0.007036860153069989,0.3310922823404779,0.05704534263939493,-0.3204647224771408,-0.12048805977231372
Hungary,-0.2784765590532281,-0.573472499466805,0.008903798423651181,2.2410275851475583,-0.05589226519118885,-0.27874117087745737,-1.2578825013720871,-0.36315051380908087,0.13611141882408487,-0.5105110198596666,-0.6427927900606745,0.9588844861773002,-0.9480211197816564,0.6926255352133208,-0.6567068851674494,-0.12048805977231372
Iceland,-1.188902220247345,-1.0177208599086276,-1.3112658330865823,0.15679974264198177,-1.4936596256648684,-0.9282441653471851,-1.2714950029783705,-0.36315051380908087,-0.04871207416422101,-0.5105110198596666,-0.6427927900606745,1.2458611180580623,-1.4519142781934062,1.4190028981549505,-0.8597210211314092,-0.12048805977231372
India,0.22302910177403965,0.2760550669921188,0.14165828650847914,-0.7089564380911038,0.4041932901603886,0.7053542752887968,1.4510053182783458,-0.2866516366645545,-0.7616026899762587,-0.39762308838892446,1.1397656525965627,0.13995117081024733,0.9383481399136122,-0.39694050919912355,0.1807264256838851,12.418997661883935
Indonesia,0.022426837443132553,0.22929208168245324,-0.16072693635140675,0.028539567718561688,-0.07745877559829405,0.11489700758904432,1.178755286152674,-0.36315051380908087,-0.6031825531291394,-0.447795502375921,1.6215382046660862,-0.39200551267604367,0.4086143067115163,0.05704534263939493,0.8278339840690072,-0.12048805977231372
Iran (Islamic Republic of),-0.2784765590532281,-0.30848224937870034,-0.23447942973186672,-0.5806962631676837,0.6773690886503877,1.0202648180619982,-0.5228074146327736,-0.35222210278843424,2.0371530609895188,-0.48542481286616834,-0.6427927900606745,1.378850288929635,-0.6250126849023295,0.05704534263939493,-0.6884278439118181,-0.12048805977231372
Iraq,-0.2630456156431583,-0.26951309495397907,-0.26398042708405073,-0.6127613068985387,0.9793002343498604,1.1777200894485989,0.498130205838495,-0.330365280747141,0.16251477496527159,-0.4227092953824227,-0.40190651402591265,0.5319192533790928,0.8220651033570547,-0.6693320203022347,-0.5298230501899744,-0.12048805977231372
Ireland,-1.0268773144416123,-0.9164010584043523,-1.1047588516212943,0.6377753986048071,-1.1342177855464484,-0.90856225642386,-1.2714950029783705,-0.36315051380908087,-0.5767791969879528,-0.5105110198596666,-0.40190651402591265,1.2528605481039348,-1.283949892056156,1.1466113870518393,-0.7962791036426717,-0.12048805977231372
Israel,-1.119462974902031,-1.0255146907935717,-1.1637608463256623,0.06060461144941671,-1.6949470561311835,-1.0069718010404853,-1.1898199933406692,-0.36315051380908087,0.2153214872476448,-0.5105110198596666,-0.6427927900606745,0.6719078542965379,-1.4002329286127138,1.237408557419543,-0.8280000623870405,-0.12048805977231372
Italy,-1.18118674854231,-1.064483845218293,-1.2448885890441683,0.09266965518027173,-1.4217712576411843,-1.0266537099638104,-1.2714950029783705,-0.34129369176778757,-0.2863422794349003,-0.5105110198596666,-0.6427927900606745,1.315855418516785,-1.3227109042416754,1.4190028981549505,-0.8280000623870405,-0.12048805977231372
Jamaica,-0.5330871253193794,-0.3864205582281429,-0.6474933926624425,0.6377753986048071,-0.32906806368118796,-1.3612461616603369,0.03530515122485319,0.3034825584503632,-0.7087959776938856,-0.5105110198596666,-0.6427927900606745,0.6229118439754324,-0.25032290044231037,0.6926255352133208,-0.8343442541359142,-0.12048805977231372
Japan,-1.2043331636574148,-1.0878653378731258,-1.2670143370583062,-0.3883060007825536,-1.9106121602022355,-0.8298346207305597,-1.2170449965532362,-0.36315051380908087,1.7203127872952797,-0.5105110198596666,-0.5464382796467697,-0.2240191915751098,-0.9480211197816564,1.6005972388903578,-0.6693952686651968,-0.12048805977231372
Jordan,-0.5253716536143446,-0.5033280215023067,-0.5516151512678446,0.41332009248882196,0.08788447085617909,0.41012564143892055,0.22588017371282337,-0.35222210278843424,-0.7351993338350722,-0.47288170936941926,-0.6427927900606745,0.8538930354892164,0.05976519704184317,0.32943685374250603,-0.8470326376336618,-0.12048805977231372
Kazakhstan,0.6088026870257841,0.05003397132873538,1.1225664484685967,1.1508160982984874,2.453011778835382,1.5516763589917755,0.7703802379641667,-0.36315051380908087,0.45295169251832385,-0.4101661918856736,-0.594615534853722,-0.007036860153069989,0.7316227415908428,-0.12454899809601247,0.009433248464293964,-0.12048805977231372
Kenya,1.6966841974357034,1.7880582586713043,1.5724566580894026,0.25299487383454683,0.21009469649644186,0.272352278975645,1.0426302700898382,1.2323974952053263,-0.6295859092703259,1.1953510556982154,0.898879376561801,-1.329929138822925,1.119232863446035,-1.2141150425084568,1.779462746400069,-0.12048805977231372
Kiribati,0.07643513937837677,0.026652478673902618,0.09740679048020315,-2.53666393074984,-0.710076414206713,-1.1644270724270862,1.7232553504040173,-0.36315051380908087,-0.999232895246938,-0.4227092953824227,0.6098158453200868,-1.4769171697862422,0.03392452225149711,-0.30614333883141986,1.779462746400069,-0.12048805977231372
Kuwait,-1.1657558051322403,-0.9787517054839062,-1.3481420797768122,-1.7029727937476096,-0.4512782893214507,-0.9282441653471851,-1.1762074917343857,-0.36315051380908087,0.7433886100713764,-0.5105110198596666,-0.6427927900606745,-0.538993543639361,-0.8834194328057909,0.8742198759487282,-0.7074604191584393,-0.12048805977231372
Kyrgyzstan,0.15358985642872566,-0.13701796990992673,0.407167262678135,-0.8051515692836688,1.6550508937724897,0.17394273435901958,0.6342552219013308,-0.36315051380908087,0.4001449802359507,-0.39762308838892446,-0.594615534853722,0.041959150168035454,0.7057820668004968,-0.21534616846371615,-0.02863190202894851,-0.12048805977231372
Lao People's Democratic Republic,0.7631121211264819,0.9697060157521574,0.554672249439055,0.6057103548739521,0.7492574566740716,1.197401998371924,0.9065052540270024,-0.36315051380908087,-0.7351993338350722,-0.4227092953824227,2.1996652671495145,-0.6089878440980835,1.0158701642846508,-0.9417235314053458,0.14266127519064262,-0.12048805977231372
Latvia,-0.08558976642735588,-0.5500910068119722,0.37029101598790504,0.7981006172590822,0.7923904774882821,1.000582909138673,-1.2714950029783705,-0.36315051380908087,1.6411027188717202,-0.5105110198596666,-0.6427927900606745,0.6999055744800272,-1.2968702294513295,0.5110311944779135,-0.3585298729703833,-0.12048805977231372
Lebanon,-0.425070521448891,-0.3552452346883659,-0.4557369098732466,-1.3181922689773493,0.5839142102195986,0.3313980057456202,-1.1353699869155347,-0.36315051380908087,1.5618926504481603,-0.5105110198596666,-0.6427927900606745,1.5188388898470806,-1.3097905668465024,0.23863968337480235,-0.7709023366471768,-0.12048805977231372
Lesotho,2.2521981601982155,1.9205533837153566,2.656618310782164,0.25299487383454683,0.23166120690354705,0.1345789165123694,-0.7406074403333108,5.778616479794323,-0.7616026899762587,-0.5105110198596666,-0.594615534853722,-0.7279781548779118,-0.8446584206202717,-2.394478257288605,2.6232402490002773,-0.12048805977231372
Liberia,1.7043996691407384,1.694532288051973,1.6462091514698625,1.2149461857601975,0.8139569878953873,3.7166863405575348,1.0426302700898382,0.030272282934197633,-0.8936194706821916,1.8601355410259195,2.247842522356467,-0.9869570665751848,1.5197633226964005,-2.03128957581779,0.9356852437998608,-0.12048805977231372
Libyan Arab Jamahiriya,-0.5793799555495888,-0.5656786685818608,-0.6327428939863505,-1.6709077500167544,0.28198306452012584,-0.5149240779573584,-0.12804486805054968,-0.35222210278843424,-0.6559892654115125,-0.5105110198596666,-0.594615534853722,0.8678918955809611,-0.35368559960369506,0.6018283648456171,-0.739181377902808,-0.12048805977231372
Lithuania,-0.24761467223308856,-0.6592046392011918,0.17115928386066312,0.9584258359133573,0.13820632847275788,1.0793105448319733,-1.2306574981595197,-0.36315051380908087,3.251707443484101,-0.5105110198596666,-0.6427927900606745,-0.12602717093289842,-0.7671363962492334,0.5110311944779135,-0.39659502346362574,-0.12048805977231372
Luxembourg,-1.0345927861466473,-0.939782551059185,-1.0973836022832484,0.09266965518027173,-1.4002047472340793,-0.5936517136506587,-1.2714950029783705,-0.36315051380908087,2.591623539954437,-0.5105110198596666,-0.6427927900606745,0.755901014847005,-1.3097905668465024,1.3282057277872468,-0.7962791036426717,-0.12048805977231372
Madagascar,0.48535513974522587,0.5410453170802234,0.42191776135422704,0.509515223681387,0.41857096376512537,0.6069447306721714,1.0426302700898382,-0.22108117054067472,-0.7087959776938856,2.0106527829869094,1.7660699702869433,-1.2319371181807135,1.2225955626074196,-0.7601291906699383,0.4979360131275724,-0.07369893394523817
Malawi,2.121035141212622,2.14657447937874,2.0223468677102083,0.6057103548739521,0.41857096376512537,0.4691713682088958,1.178755286152674,1.1668270290814466,-0.8936194706821916,1.2580665731819611,-0.49826102443981735,-1.5049148899697313,1.4680819731157082,-2.03128957581779,1.8111837051444377,-0.12048805977231372
Malaysia,-0.5485180687294492,-0.5656786685818608,-0.5442399019297987,0.25299487383454683,-0.7028875774043446,-0.6133336225739838,-0.5364199162390572,-0.21015275952002813,0.6905818977890031,-0.4979679163629175,-0.20919749319810324,1.3018565584250401,-0.9351007823864833,0.5110311944779135,-0.1935808874996659,-0.12048805977231372
Maldives,-0.44050146485896075,-0.20716244787442503,-0.6474933926624425,-0.2600458258591335,0.8067681510930188,-0.2196954441074821,1.4510053182783458,-0.2866516366645545,-0.6823926215526991,-0.43525239887917183,-0.594615534853722,0.132951740764375,0.8091447659618815,0.05704534263939493,-0.4473485574546157,-0.12048805977231372
Mali,1.4883664613997614,1.5542433321229765,1.4692031673567587,1.1187510545676325,0.6054807206267037,1.256447725141899,1.178755286152674,-0.18829593747873485,-0.9728295391057514,1.6092734710909367,2.296019777563419,-1.210938828043097,1.636046359252958,-1.758898064714679,0.9420294355487346,-0.12048805977231372
Malta,-1.2120486353624496,-1.0411023525634604,-1.3260163317626743,-0.2279807821282785,-1.1342177855464484,-1.125063254580436,-1.2714950029783705,-0.36315051380908087,0.24172484338883127,-0.5105110198596666,-0.6427927900606745,1.6448286306727808,-1.4519142781934062,1.237408557419543,-0.840688445884788,-0.12048805977231372
Marshall Islands,0.755396649421447,0.8605923833629379,0.621049493481469,-0.19591573839742346,1.1086992967924916,-0.37715071549408274,0.6342552219013308,-0.330365280747141,-0.5239724847055796,-0.5105110198596666,-0.40190651402591265,-0.4270026629054049,0.2923312701549586,-0.21534616846371615,0.6882617655937847,-0.12048805977231372
Mauritania,0.35419212075963274,0.3929625302662826,0.355540517311813,0.8622307047207922,0.5695365366148617,1.1186743626786235,0.9065052540270024,-0.330365280747141,-0.8408127583998185,1.0197476067437277,0.17622054845751553,-0.26601577185034336,1.429320960930189,-1.123317872140753,0.8785875180599971,-0.07369893394523817
Mauritius,-0.44050146485896075,-0.5189156832721952,-0.35248341914060266,-1.6709077500167544,0.44732631097459896,-0.7707888939605845,-1.1081449837029678,-0.36315051380908087,0.03049799425933868,-0.5105110198596666,-0.6427927900606745,1.5958326203516748,-0.9480211197816564,0.4202340241102097,-0.7328371861539343,-0.12048805977231372
Mexico,-0.7182584462402167,-0.6903799627409688,-0.7212458860429025,-1.3823223564390592,-1.5008484624672367,-0.4558783511873831,-0.577257421057908,-0.35222210278843424,0.5057584048006971,-0.5105110198596666,-0.6427927900606745,0.6509095641589213,-0.35368559960369506,0.6926255352133208,-0.6820836521629443,-0.12048805977231372
Micronesia (Federated States of),-0.21675278541294898,-0.035698168405651425,-0.3746091671547407,-1.2219971377847842,0.2747942277177574,-0.8298346207305597,-0.18249487447568408,-0.330365280747141,-0.6295859092703259,-0.5105110198596666,0.07986603804361085,0.41992837264513727,0.008083847461151058,0.05704534263939493,-0.07304124427106473,-0.12048805977231372
Monaco,-1.0191618427365774,-0.9943393672537948,-1.0088806102266965,-0.35624095705169856,-1.8459126289809198,-0.7904708028839095,0.0,9.706378830151352e-17,0.0,-1.114051384187776e-16,0.0,-4.973394173555511e-16,-4.590225939854901e-16,1.4190028981549505,-0.8660652128802829,-0.12048805977231372
Mongolia,0.2538909885941792,0.0812092948685124,0.38504151466399705,5.607857176887335,0.8355234983024924,0.29203418789897007,0.7703802379641667,-0.330365280747141,-0.18072885487015392,-0.3850799848921753,-0.49826102443981735,-0.6369855642815724,0.7574634163811893,-0.12454899809601247,0.37739636989897124,-0.12048805977231372
Montenegro,-0.6873965594200772,-0.6981737936259131,-0.6622438913385346,0.0,0.0,0.0,0.0,9.706378830151352e-17,0.0,-1.114051384187776e-16,0.0,-4.973394173555511e-16,-4.590225939854901e-16,0.0,0.0,-0.12048805977231372
Morocco,-0.7259739179452517,-0.6358231465463591,-0.7802478807472705,-2.055688274787015,0.28198306452012584,-0.6526974404206339,0.3620051897756592,-0.330365280747141,-0.2863422794349003,-0.4603386058726701,-0.5464382796467697,0.10495402058088608,0.3569329571308239,0.23863968337480235,-0.17454831225304465,-0.12048805977231372
Mozambique,1.4575045745796218,1.530861839468144,1.3585744272860687,-0.2279807821282785,-0.005570407574610072,-0.2984230798007824,1.0426302700898382,1.0466145078543339,-1.0784429636704977,1.8601355410259195,-0.49826102443981735,-0.9939564966210571,1.287197249583285,-1.8496952350823828,1.5447276516917405,-0.12048805977231372
Myanmar,0.4004849509898421,0.2916427287620073,0.488295005396641,-0.5165661757059736,0.43294863736986217,0.4691713682088958,1.5871303343411816,-0.26479481462326127,-0.8144094022586319,0.6183682948477554,0.513461334906182,-0.2870140619879599,1.0417108390749967,-0.4877376795668273,0.19975900093050633,-0.12048805977231372
Namibia,0.7939740079466214,0.8372108907081052,0.7611792309043429,0.477450179950532,0.09507330765854749,0.23298846112899482,-0.931182462821281,5.42890732713363,-0.5503758408467662,-0.5105110198596666,-0.594615534853722,-0.32901064226319354,-1.064304156338214,-1.3049122128761605,3.3274455331252635,-0.12048805977231372
Nauru,1.2800487253638193,0.9774998466371018,1.4249516713284827,0.22092983010369183,2.115136449124067,1.000582909138673,3.9012556074093903,-0.36315051380908087,3.779774566307833,-0.5105110198596666,2.006956246321705,-2.533831106712952,2.462947952544035,-0.21534616846371615,-0.13013897001092845,-0.12048805977231372
Nepal,0.547078913385505,0.8450047215930494,0.2670375252552611,-0.4203710445134086,0.46170398457933576,0.528217094978871,1.5871303343411816,-0.34129369176778757,-0.7351993338350722,-0.4101661918856736,0.6579931005270392,0.020960860030418905,0.9383481399136122,-0.4877376795668273,0.37739636989897124,-0.12048805977231372
Netherlands,-1.119462974902031,-0.939782551059185,-1.2522638383822142,0.7660355735282272,-1.4433377680482895,-1.144745163503761,-1.2714950029783705,-0.36315051380908087,0.03049799425933868,-0.5105110198596666,-0.6427927900606745,1.3928491490213797,-1.3097905668465024,1.237408557419543,-0.8280000623870405,-0.12048805977231372
New Zealand,-1.1040320314919612,-0.939782551059185,-1.2153875916919843,0.25299487383454683,-1.414582420838816,-0.8691984385772099,-1.2442699997658035,-0.36315051380908087,1.6675060750129067,-0.5105110198596666,-0.6427927900606745,0.35693350223228665,-1.1030651685237334,1.237408557419543,-0.815311678889293,-0.12048805977231372
Nicaragua,-0.4867942950891701,-0.44877120530769693,-0.5147389045776146,-0.35624095705169856,-0.4800336365309243,-0.16064971733750685,0.3620051897756592,-0.30850845870584775,-0.5503758408467662,-0.4603386058726701,-0.6427927900606745,-0.056032870474175926,0.3181719449453046,0.32943685374250603,-0.3712182564681308,-0.12048805977231372
Niger,2.0901732543924827,2.1621621411486283,1.8895923796253804,1.2149461857601975,0.6054807206267037,1.6107220857617506,1.4510053182783458,-0.2975800476852011,-0.9728295391057514,1.2831527801754596,2.8741468400468473,-1.8548863922633438,1.7910904079950352,-1.9404924054500865,0.08556354945077892,0.1602466951901396
Nigeria,1.4883664613997614,1.6165939792025306,1.3290734299338847,0.8301656609899373,0.5767253734172301,1.000582909138673,0.9065052540270024,0.18327003722325036,-0.8408127583998185,2.5123769228568746,2.392374287977324,-1.1969399679513522,1.1450735382363815,-1.3957093832438643,0.8214897923201334,2.4997029865439173
Niue,-0.40963957803882123,-0.8150812569000769,-0.10910019098508478,-1.8312329686710296,-0.2356131852503988,-0.8298346207305597,0.0,9.706378830151352e-17,0.0,-1.114051384187776e-16,0.0,-4.973394173555511e-16,-4.590225939854901e-16,0.23863968337480235,-0.5805765841809644,-0.12048805977231372
Norway,-1.1117475031969961,-0.9865455363688506,-1.2006370930158923,0.1888647863728368,-1.3714494000246056,-0.90856225642386,-1.2306574981595197,-0.36315051380908087,0.2945315556712045,-0.5105110198596666,-0.6427927900606745,0.755901014847005,-1.271029554660983,1.3282057277872468,-0.8470326376336618,-0.12048805977231372
Oman,-0.6719656160100074,-0.7059676245108574,-0.7507468833950866,-0.8372166130145239,0.26760539091538904,-0.7904708028839095,-0.16888237286940053,-0.330365280747141,-0.2599389232937138,-0.4979679163629175,-0.6427927900606745,-0.06303230052004828,-0.521649985740945,0.6018283648456171,-0.8089674871404192,-0.12048805977231372
Pakistan,-0.08558976642735588,0.1357661110631222,-0.2934814244362347,-0.7730865255528139,0.3826267797532834,0.35107991466894534,0.6342552219013308,-0.36315051380908087,-0.7880060461174453,-0.4227092953824227,0.513461334906182,0.8748913256268335,1.0417108390749967,-0.39694050919912355,0.2632009184192438,5.447417913649677
Palau,-0.08558976642735588,-0.043491999290595676,-0.13122593899922277,-1.2540621815156392,0.17415051248459987,-0.8298346207305597,0.04891765283113672,-0.330365280747141,-0.6823926215526991,-0.5105110198596666,-0.305552003612008,0.26594091163594763,0.1502075588080548,0.23863968337480235,-0.517134666692227,-0.12048805977231372
Panama,-0.903429767161054,-0.7994935951301884,-0.9646291141984205,-0.7410214818219588,-1.364260563222237,-0.6330155314973088,0.22588017371282337,-0.10086864931356188,-0.33914899171727353,-0.48542481286616834,-0.6427927900606745,-0.056032870474175926,-0.0565178395147143,0.7834227055810246,-0.5488556254365957,-0.12048805977231372
Papua New Guinea,0.4390623095150165,0.5098699935404464,0.33341476929767505,-0.4203710445134086,0.5048370053935461,0.4494894592855707,0.7703802379641667,-0.330365280747141,-0.7351993338350722,-0.4101661918856736,0.368929569285325,-0.5459929736852334,0.9383481399136122,-0.4877376795668273,0.7009501490915323,-0.12048805977231372
Paraguay,-0.7491203330603563,-0.6592046392011918,-0.8244993767755465,0.3171249612962569,-0.5806773517640819,-0.4755602601107082,0.22588017371282337,-0.34129369176778757,-0.33914899171727353,-0.47288170936941926,-0.594615534853722,0.7209038646176438,0.08560587183218944,0.4202340241102097,-0.4283159822079945,-0.12048805977231372
Peru,-0.40192410633378634,-0.3006884184937561,-0.48523790722543064,1.4073364481453277,-1.30674986880329,-0.23937735303080718,0.3620051897756592,-0.26479481462326127,1.1658423083303615,-0.4603386058726701,-0.6427927900606745,-0.32901064226319354,0.3052516075501316,0.32943685374250603,0.5423453553696886,-0.12048805977231372
Philippines,-0.04701240790218145,-0.2149562787593693,0.08265629180411115,-1.2861272252464941,-0.257179695657504,-0.4558783511873831,0.3620051897756592,-0.36315051380908087,-0.6295859092703259,-0.4603386058726701,-0.06466572757724623,-0.4410015229971496,0.2794109327597855,0.14784251300709864,1.0498806952795883,0.01987931770891294
Poland,-0.5948108989596586,-0.7916997642452441,-0.39673491516887865,1.5676616667996026,-0.34344573728592476,-0.5542878958040085,-1.2578825013720871,-0.36315051380908087,0.13611141882408487,-0.5105110198596666,-0.6427927900606745,1.1128719471864899,-1.1030651685237334,0.7834227055810246,-0.663051076916323,-0.12048805977231372
Portugal,-0.911145238866089,-0.9475763819441293,-0.8466251247896844,0.2850599175654019,-1.1773508063606588,-0.9479260742705102,-1.2578825013720871,-0.35222210278843424,1.0338255276244286,-0.4979679163629175,-0.6427927900606745,0.32893578204879775,-1.2193482050802908,1.0558142166841356,-0.5932649676787118,-0.12048805977231372
Qatar,-1.1657558051322403,-0.8618442422097424,-1.3997688251431342,-1.7991679249401746,-0.2284243484480304,-0.8101527118072346,-0.12804486805054968,-0.35222210278843424,0.03049799425933868,-0.5105110198596666,-0.6427927900606745,-0.9519599163458236,-0.45704829876507963,0.6926255352133208,-0.466381132701237,-0.12048805977231372
Republic of Korea,-0.8879988237509843,-0.9787517054839062,-0.7876231300853165,1.2149461857601975,-1.3355052160127636,-0.27874117087745737,-1.2170449965532362,-0.36315051380908087,1.6146993627305333,-0.5105110198596666,-0.5464382796467697,1.9808012728746485,-1.2193482050802908,0.9650170463164319,-0.4283159822079945,-0.12048805977231372
Republic of Moldova,0.0069958940330627755,-0.25392543318409055,0.29653852260744507,-0.4845011319751187,1.7772611194127526,0.3117160968222952,-0.9992449708526989,-0.36315051380908087,2.1691698416954517,-0.5105110198596666,-0.6427927900606745,0.20294604122309748,0.55073801805842,0.23863968337480235,-0.009599326782327274,-0.12048805977231372
Romania,-0.43278599315392585,-0.6358231465463591,-0.24185467906991273,0.3171249612962569,0.7708239670811768,-0.4952421690340333,-0.931182462821281,-0.35222210278843424,0.9282121030596823,-0.5105110198596666,-0.6427927900606745,-0.12602717093289842,2.0494971558984965,0.5110311944779135,-0.022287710280074764,-0.12048805977231372
Russian Federation,0.6473800455509585,-0.20716244787442503,1.3364486792719306,0.6698404423356621,2.2732908587761718,2.673545167621305,-0.931182462821281,-0.3194368697264944,1.8259262118600261,-0.5105110198596666,-0.6427927900606745,-0.168023751208132,-0.6379330222975027,0.05704534263939493,-0.1682041205041709,-0.12048805977231372
Rwanda,2.182758914852901,2.427152391236733,1.9264686263156103,0.6057103548739521,0.3826267797532834,0.8824914555987226,1.31488030221551,0.18327003722325036,-0.8672161145410051,0.06647174099079346,0.12804329325056324,-1.5049148899697313,1.5456039974867464,-1.758898064714679,1.2973041734856643,-0.12048805977231372
Saint Kitts and Nevis,-0.36334674780861187,-0.2928945876088118,-0.41148541384497067,-0.7410214818219588,0.3466825957414414,-0.7117431671906091,0.6342552219013308,-0.36315051380908087,0.7433886100713764,-0.5105110198596666,-0.6427927900606745,-2.8278071686395863,-1.4519142781934062,0.4202340241102097,-0.8089674871404192,-0.12048805977231372
Saint Lucia,-0.5253716536143446,-0.5500910068119722,-0.47786265788738463,-0.06765556347400338,-0.4872224733332927,-0.5739698047273336,-1.094532482096684,-0.22108117054067472,-0.10151878644659422,-0.5105110198596666,-0.6427927900606745,-0.8609673257494845,-1.283949892056156,0.5110311944779135,-0.7709023366471768,-0.12048805977231372
Saint Vincent and the Grenadines,-0.11645165324749544,-0.175987124334648,-0.07959919363290079,0.7660355735282272,-0.4081452685072403,-0.5149240779573584,-1.2034324949469526,-0.04622659421032876,-0.2863422794349003,-0.5105110198596666,-0.6427927900606745,0.44792609282862617,-0.0952788517002336,0.32943685374250603,-0.6884278439118181,-0.12048805977231372
Samoa,-0.07015882301728611,0.12017844929323368,-0.2566051777460047,-1.1578670503230741,0.3251160853343362,-0.8101527118072346,0.04891765283113672,-0.330365280747141,-0.5767791969879528,-0.4979679163629175,-0.594615534853722,0.41992837264513727,-0.13403986388575292,0.23863968337480235,-0.739181377902808,-0.12048805977231372
San Marino,-1.327780710937973,-1.1580098158376242,-1.4440203211714102,0.2850599175654019,-1.069518254325133,-1.1644270724270862,0.0,9.706378830151352e-17,0.0,-1.114051384187776e-16,0.0,-4.973394173555511e-16,-4.590225939854901e-16,1.4190028981549505,-0.840688445884788,-0.12048805977231372
Sao Tome and Principe,0.10729702619851633,0.19032292725773198,0.05315529445192716,0.06060461144941671,0.17415051248459987,0.11489700758904432,0.9065052540270024,0.04120069395484427,-0.41835906014083324,-0.43525239887917183,1.6697154598730386,-0.7769741651990173,1.287197249583285,-0.30614333883141986,-0.16185992875529717,-0.12048805977231372
Saudi Arabia,-0.38649316292371655,-0.37862672734319863,-0.4557369098732466,-0.7089564380911038,0.23885004370591545,-0.18033162626083193,-0.4275199033887885,-0.35222210278843424,2.4860101153896905,-0.48542481286616834,-0.6427927900606745,-0.2100203314833651,-0.5991720101119835,0.32943685374250603,-0.5869207759298382,-0.12048805977231372
Senegal,0.49307061145026077,0.5176638244253907,0.451418758706411,0.477450179950532,0.3898156165556518,0.8628095466753974,1.0426302700898382,-0.2538664036026146,-0.6559892654115125,2.9513855452430944,3.259564881702466,-1.4279211594651364,1.2225955626074196,-0.8509263610376421,0.6248198481050473,-0.12048805977231372
Serbia,-0.5408025970244144,-0.6358231465463591,-0.44098641119715465,0.0,0.0,0.0,0.0,9.706378830151352e-17,0.0,-1.114051384187776e-16,0.0,-4.973394173555511e-16,-4.590225939854901e-16,0.0,0.0,-0.12048805977231372
Seychelles,-0.4173550497438561,-0.6903799627409688,-0.16072693635140675,-0.0035254760122933326,-0.257179695657504,-0.23937735303080718,-1.2714950029783705,-0.36315051380908087,1.905136280283586,-0.5105110198596666,-0.6427927900606745,-1.1199462374467577,-0.14696020128092593,0.32943685374250603,-0.6503626934185756,-0.12048805977231372
Sierra Leone,2.7228419342053436,2.2556881117679595,2.951628284304004,1.5997267105304578,1.0296220919664392,3.323048162091033,1.4510053182783458,-0.22108117054067472,-1.0256362513881245,1.044833813737226,1.9106017359078002,-1.4909160298779869,1.8427717575757272,-2.5760725980240124,1.4685973507052554,-0.12048805977231372
Singapore,-1.1734712768372753,-1.0255146907935717,-1.2743895863963524,-0.0997206072048584,-1.4433377680482895,-1.144745163503761,-1.2170449965532362,-0.36315051380908087,0.5321617609418836,-0.5105110198596666,-0.6427927900606745,-0.2240191915751098,-0.2890839126278297,1.1466113870518393,-0.6503626934185756,-0.12048805977231372
Slovakia,-0.633388257484833,-0.846256580439854,-0.40411016450692466,1.2470112294910525,-0.005570407574610072,-0.6133336225739838,-1.0809199804904004,-0.36315051380908087,0.24172484338883127,-0.5105110198596666,-0.6427927900606745,0.664908424250666,-0.23740256304713736,0.7834227055810246,-0.7201488026561867,-0.12048805977231372
Slovenia,-0.8339905218157401,-0.9008133966344637,-0.7581221327331326,0.9263607921825023,-1.033574070313291,-0.436196442264058,-1.2714950029783705,-0.36315051380908087,0.2153214872476448,-0.5105110198596666,-0.6427927900606745,1.4838417396177193,-1.4519142781934062,1.0558142166841356,-0.739181377902808,-0.12048805977231372
Solomon Islands,-0.38649316292371655,-0.2851007567238676,-0.47786265788738463,-1.3181922689773493,0.26760539091538904,-0.8691984385772099,-0.07359486162541531,-0.330365280747141,-0.6823926215526991,-0.4979679163629175,-0.40190651402591265,0.44092666278275383,-0.22448222565196432,-0.12454899809601247,0.2632009184192438,-0.12048805977231372
Somalia,1.040869102507738,0.985293677522046,1.0561892044261827,0.38125504875796695,1.496896484120385,3.0278195282411566,1.31488030221551,-0.27572322564390783,-0.6559892654115125,0.053928637494044376,2.6332605640120854,-1.3929240092357753,1.636046359252958,-1.8496952350823828,0.732671107835901,0.20703582101721513
South Africa,1.2106094800185054,1.0632319863714885,1.2995724325817006,0.7339705297973722,0.2747942277177574,0.7644000020587721,-1.1625949901281019,5.876972178980142,-0.022308718023034527,-0.5105110198596666,-0.6427927900606745,-0.5669912638228499,-1.3356312416368485,-1.2141150425084568,2.7691566592243735,-0.12048805977231372
Spain,-1.1040320314919612,-1.0800715069881817,-1.0900083529452025,-0.0035254760122933326,-1.687758219328815,-0.9872898921171603,-1.2578825013720871,-0.36315051380908087,0.3737416240947642,-0.5105110198596666,-0.6427927900606745,0.643910134113049,-1.283949892056156,1.4190028981549505,-0.663051076916323,-0.12048805977231372
Sri Lanka,-0.09330523813239078,-0.5500910068119722,0.28178802393135305,-0.4203710445134086,-0.41533410530960874,0.0164874629724189,0.6342552219013308,-0.36315051380908087,0.08330470654171189,-0.4603386058726701,0.17622054845751553,1.1408696673699787,-0.35368559960369506,0.4202340241102097,-0.5044462831944795,-0.12048805977231372
Sudan,0.49307061145026077,0.5410453170802234,0.429293010692273,-0.6127613068985387,0.9146007031285448,1.6107220857617506,0.498130205838495,-0.04622659421032876,-0.12792214258778095,2.1486269214511498,1.9587789911147528,-0.8259701755201233,0.55073801805842,-0.7601291906699383,0.46621505438320365,-0.07369893394523817
Suriname,-0.01615052108204189,-0.06687349194542844,0.04578004511388117,0.06060461144941671,0.3538714325438098,0.09521509866571924,0.498130205838495,-0.08994023829291524,0.18891813110645805,-0.20947653593768745,-0.49826102443981735,-0.18902204134574854,0.03392452225149711,0.14784251300709864,-0.4092834069613733,-0.12048805977231372
Swaziland,1.7506924993709476,1.78026442778636,1.6978358968361844,0.9904908796442123,-0.05589226519118885,-0.18033162626083193,0.03530515122485319,4.773202665894833,-0.33914899171727353,-0.48542481286616834,-0.5464382796467697,-1.1479439576302466,0.07268553443701642,-2.1220867461854938,4.196599802720966,-0.12048805977231372
Sweden,-1.2120486353624496,-1.0255146907935717,-1.3481420797768122,-0.4845011319751187,-1.4073935840364475,-1.0069718010404853,-1.2714950029783705,-0.36315051380908087,-0.44476241628201985,-0.5105110198596666,-0.6427927900606745,1.1338702373241063,-1.3485515790320215,1.4190028981549505,-0.8533768293825355,-0.12048805977231372
Switzerland,-1.18118674854231,-1.0411023525634604,-1.2596390877202603,-0.4845011319751187,-1.651814035316973,-0.9676079831938352,-1.2442699997658035,-0.36315051380908087,0.6377751855066299,-0.5105110198596666,-0.6427927900606745,1.3228548485626572,-1.3614719164271947,1.4190028981549505,-0.8280000623870405,-0.12048805977231372
Syrian Arab Republic,-0.5176561819093096,-0.44877120530769693,-0.5589904006058906,-2.2801435809029997,0.2747942277177574,-0.6330155314973088,0.03530515122485319,-0.36315051380908087,-0.44476241628201985,-0.48542481286616834,-0.6427927900606745,-0.03503458033655888,-0.172800876071272,0.4202340241102097,-0.5742323924320907,-0.12048805977231372
Tajikistan,0.13044344131362098,0.0967969566384009,0.13428303717043313,-1.3181922689773493,2.7405652509301177,-0.3377868976474326,0.9065052540270024,-0.36315051380908087,-0.6559892654115125,-0.4101661918856736,-0.5464382796467697,-0.9449604862999514,1.119232863446035,-0.21534616846371615,-0.14282735350867592,-0.12048805977231372
Thailand,-0.10873618154246055,-0.25392543318409055,0.023654297099743177,-0.06765556347400338,-1.2420503375819745,-0.14096780841418177,0.9065052540270024,0.3144109694710099,-0.07511543030540774,-0.47288170936941926,-0.594615534853722,0.11895288067263028,0.03392452225149711,0.23863968337480235,0.01577744021316771,-0.12048805977231372
The former Yugoslav Republic of Macedonia,-0.6565346725999377,-0.7605244407054671,-0.5516151512678446,0.44538513621967696,0.9505448871403868,-0.14096780841418177,-0.5908699226641915,-0.36315051380908087,-0.6823926215526991,-0.5105110198596666,-0.6427927900606745,1.3928491490213797,-0.8963397702009641,0.5110311944779135,-0.6567068851674494,-0.12048805977231372
Timor-Leste,0.2075981583639699,0.18252909637278772,0.2227860292269851,-0.4203710445134086,0.4976481685911778,0.6069447306721714,1.7232553504040173,-0.2866516366645545,-0.8408127583998185,-0.4603386058726701,1.043411142182658,-0.7629753051072732,1.080471851260516,-0.6693320203022347,2.6422728242468985,-0.12048805977231372
Togo,0.8016894796516563,0.8060355671683281,0.7759297295804348,0.509515223681387,0.3970044533580202,0.7053542752887968,0.6342552219013308,0.27069732538842334,-0.6823926215526991,2.6628941648178643,2.5369060535981807,-0.9939564966210571,0.7574634163811893,-1.123317872140753,1.4241880084631393,-0.12048805977231372
Tonga,-0.31705391757840257,-0.144811800794871,-0.44836166053520066,-1.4785174876316243,-0.06308110199355725,-1.0266537099638104,0.08975515764998757,-0.36315051380908087,-0.8144094022586319,-0.3474506744019279,0.22439780366446793,0.9798827763149172,-0.508729648345772,0.4202340241102097,-0.7074604191584393,-0.12048805977231372
Trinidad and Tobago,-0.18589089859280944,-0.23833777141420204,-0.12385068966117677,-0.32417591332084356,0.05194028684433711,-0.6133336225739838,-1.094532482096684,0.15048480416131052,-0.5239724847055796,-0.5105110198596666,-0.6427927900606745,0.21694490131484168,-1.1935075302899447,0.4202340241102097,-0.8216558706381667,-0.12048805977231372
Tunisia,-0.633388257484833,-0.5345033450420837,-0.6917448886907186,-1.7029727937476096,0.3251160853343362,-0.18033162626083193,-0.31861989053851986,-0.36315051380908087,1.2186490206127345,-0.48542481286616834,-0.6427927900606745,0.664908424250666,-0.46996863616025275,0.4202340241102097,-0.7264929944050605,-0.12048805977231372
Turkey,-0.5948108989596586,-0.5500910068119722,-0.6106171459722126,-1.1578670503230741,1.223720685630386,-0.7707888939605845,0.3620051897756592,-0.36315051380908087,-0.2863422794349003,-0.447795502375921,-0.49826102443981735,0.41292894259926494,0.3569329571308239,0.4202340241102097,-0.6884278439118181,-0.12048805977231372
Turkmenistan,0.36962306416970253,0.15135377283301069,0.5620474987771009,-1.0296068753996541,3.394749399945642,-0.14096780841418177,0.9065052540270024,-0.36315051380908087,-0.07511543030540774,-0.39762308838892446,-0.594615534853722,-0.37800665258429944,0.9771091520991315,-0.30614333883141986,-0.3014321472305196,-0.12048805977231372
Tuvalu,0.21531363006900478,0.45531317734583665,-0.01322194959048681,-0.06765556347400338,1.2165318488280175,-0.23937735303080718,0.498130205838495,-0.330365280747141,-0.5503758408467662,-0.5105110198596666,-0.06466572757724623,-0.2240191915751098,0.2923312701549586,-0.39694050919912355,1.4114996249653917,-0.12048805977231372
Uganda,2.6765491039751343,2.8947822443333884,2.413235082626646,0.477450179950532,0.3610602693461782,1.4335849054518248,1.0426302700898382,0.4783371347807092,-0.7616026899762587,2.3869458878893832,0.8025248661478961,-1.3719257190981584,1.2742769121881121,-1.3049122128761605,1.2719274064901693,-0.12048805977231372
Ukraine,0.21531363006900478,-0.4020082199980314,0.7906802282565268,0.25299487383454683,1.9066601818553837,1.0596286359086484,-1.1081449837029678,0.1723416262026038,2.4860101153896905,-0.5105110198596666,-0.6427927900606745,-0.06303230052004828,-0.6379330222975027,0.14784251300709864,-0.35218568122150956,-0.12048805977231372
United Arab Emirates,-1.0345927861466473,-0.8618442422097424,-1.2448885890441683,-0.997541831668799,-0.019948081179346867,-0.18033162626083193,-0.41390740178250496,-0.35222210278843424,2.6180268960956234,-0.5105110198596666,-0.6427927900606745,0.8748913256268335,-0.8446584206202717,0.6018283648456171,-0.7709023366471768,-0.12048805977231372
United Kingdom,-1.0886010880818915,-0.939782551059185,-1.1932618436778464,0.38125504875796695,-1.364260563222237,-1.0856994367337858,-1.1489824885218183,-0.36315051380908087,-0.18072885487015392,-0.5105110198596666,-0.6427927900606745,1.1128719471864899,-1.1676668554995986,1.237408557419543,-0.8089674871404192,-0.12048805977231372
United Republic of Tanzania,2.1904743865579364,2.419358560351789,1.9338438756536565,0.6377753986048071,0.4545151477769674,0.6659904574421467,1.0426302700898382,0.6531917111110553,-0.8144094022586319,2.3367734739023867,-0.016488472370293834,-1.1409445275843744,1.2742769121881121,-1.5773037239792718,1.2655832147412955,-0.12048805977231372
United States of America,-0.8879988237509843,-0.8150812569000769,-0.9277528675081904,0.09266965518027173,-1.3211275424080269,-0.672379349343959,-1.2578825013720871,-0.35222210278843424,1.3770691574598544,-0.5105110198596666,-0.6427927900606745,0.9588844861773002,-1.283949892056156,1.0558142166841356,-0.8470326376336618,-0.12048805977231372
Uruguay,-0.7259739179452517,-0.7605244407054671,-0.6548686420004886,1.2470112294910525,-1.1773508063606588,-0.5149240779573584,-0.9584074660338482,-0.34129369176778757,0.5057584048006971,-0.5105110198596666,-0.6427927900606745,0.3429346421405424,-0.7542160588540603,0.7834227055810246,-0.6947720356606918,-0.12048805977231372
Uzbekistan,-0.20903731370791412,-0.2851007567238676,-0.13122593899922277,-1.8312329686710296,2.093569938716962,-0.6133336225739838,0.7703802379641667,-0.36315051380908087,0.5057584048006971,-0.4101661918856736,-0.594615534853722,-0.35700836244668244,0.71870240419567,0.14784251300709864,-0.29508795548164585,-0.12048805977231372
Vanuatu,-0.20903731370791412,-0.059079661060484186,-0.35248341914060266,-1.2540621815156392,0.26760539091538904,-0.8495165296538848,0.3620051897756592,-0.330365280747141,-0.6295859092703259,-0.43525239887917183,-0.49826102443981735,-0.06303230052004828,0.2277295831790932,0.14784251300709864,-0.441004365705742,-0.12048805977231372
Venezuela,-0.6642501443049725,-0.6981737936259131,-0.6253676446483045,-0.7730865255528139,-0.9401191918825017,0.17394273435901958,0.07614265604370403,-0.34129369176778757,0.3737416240947642,-0.5105110198596666,-0.6427927900606745,0.6579089942047937,-0.6896143718781949,0.6018283648456171,-0.6186417346742069,-0.12048805977231372
Viet Nam,-0.4636478799740654,-0.40980205088297567,-0.4999884059015226,-0.2600458258591335,-0.38657875810013514,-0.18033162626083193,0.08975515764998757,-0.2538664036026146,-0.04871207416422101,-0.4603386058726701,0.9952338869757054,0.9238873359479389,0.03392452225149711,0.32943685374250603,0.2758893019169913,-0.12048805977231372
Yemen,0.23846004518410943,0.31502422141684006,0.15640878518457113,-0.7410214818219588,1.3027978904564383,0.41012564143892055,0.9065052540270024,-0.330365280747141,-0.36555234785846,0.4302217423965184,0.4171068244922774,-0.6929810046485506,1.1063125260508622,-0.7601291906699383,-0.24433442149065587,-0.12048805977231372
Zambia,3.1934857082124717,3.2299169723859915,3.06963227371274,-0.29211086958998855,-0.09183644920303084,-0.4558783511873831,1.178755286152674,1.396323660515026,-1.0784429636704977,1.9228510585096652,-0.06466572757724623,-1.4209217294192644,1.3647192739543237,-2.03128957581779,2.934105644695091,0.01987931770891294
Zimbabwe,3.586974765169251,3.6274023475181485,3.4383947406150397,-0.29211086958998855,-0.1781024908314516,0.42980755036224566,0.3620051897756592,4.073784360573449,-1.0256362513881245,-0.48542481286616834,0.7543476109409437,-1.0569513670339072,0.44737531889703536,-2.1220867461854938,3.200561698147788,-0.12048805977231372
